Asset_A;Asset_B;P-Value
EXR;PHM;8.187364834738358e-07
CSCO;IR;1.3768096849404652e-06
IR;OXY;4.07456560027018e-06
DHI;EXR;7.612325178928004e-06
ABT;C;9.075818053042551e-06
WDAY;WTW;1.0003211489868243e-05
AFL;CNC;1.1269436707674583e-05
ADSK;WDAY;1.806050387429101e-05
EXR;HST;1.8552201161376674e-05
EMN;NOC;2.2414537280799318e-05
EPAM;MMM;2.4924161298055306e-05
HUM;VRTX;2.823668891646421e-05
HUM;NI;2.8596412089040397e-05
DLR;ZBRA;2.883253409399741e-05
EXR;WM;3.0079570204853445e-05
CNC;MCO;3.0884271330637724e-05
INVH;RL;3.759370215130224e-05
CCL;SLB;4.5021577038392886e-05
HUM;KO;4.9738498645894375e-05
MTD;ZBRA;5.2519315629021945e-05
HST;TXN;5.926558857576845e-05
CNC;EMN;6.242599986149046e-05
MNST;UNH;7.555525717513556e-05
GPN;WTW;8.237917491780854e-05
BAX;KO;8.352547980083885e-05
GD;ZBRA;9.156012007108057e-05
ADM;MOH;9.437573110346773e-05
EXR;TXN;0.00010568679401262312
EPAM;MPC;0.00011127273826284769
EXR;PH;0.00011475934369579118
CI;MNST;0.00011509240341139205
EL;MNST;0.00011654875954900146
APTV;TRMB;0.00012230408975512152
ALGN;CRM;0.00013008979523010947
MA;XYL;0.00013354586733859065
ADBE;HON;0.00013388166270661048
EPAM;MAR;0.0001402505372839674
MS;PNC;0.00014468809786374537
MSCI;V;0.0001500504180455495
CNC;NOC;0.00015893062308040042
A;TRMB;0.00016184241290550624
CI;XYL;0.00016515370820388055
C;CNC;0.00017291575422683352
INVH;PODD;0.00017375436384333703
KKR;NOC;0.0001739631533629002
KKR;PSX;0.00017472066887693836
EL;MSFT;0.00018393422031333002
ABT;EMN;0.00018434914359465035
EXR;GE;0.00018465738535215363
REG;SYF;0.00020034333621441665
HST;TEL;0.00020238592631223755
EXR;ODFL;0.0002033327616501242
DG;IR;0.00020938257097351669
DXCM;KKR;0.00021009407221893447
ADBE;ANET;0.0002113993665472214
DVA;HCA;0.0002115273762477006
CNC;XYL;0.00021335657944482293
EXR;RMD;0.00021863230339239589
AMZN;ELV;0.0002192217319489354
BAX;HUM;0.00022116182838326332
EXR;ROK;0.00022418483568327157
NUE;VTRS;0.00022638492831312203
HUM;RCL;0.00023401674873653466
KO;RCL;0.0002453104337403911
C;MA;0.0002468960765653782
HUM;ROL;0.0002481332083724775
AMAT;DXCM;0.00024980780594418563
VRSN;XYL;0.0002519297640533468
NVR;UNH;0.0002587781291281989
CCI;ED;0.0002721112560523507
ENPH;J;0.0002754620271623346
PGR;UNH;0.00028083407776349507
MNST;NVR;0.000287797621901848
ANET;AWK;0.00028945333792906956
PNR;PPG;0.00029530940196783575
DOC;GNRC;0.0002961210893071317
KHC;UPS;0.0002993116632096547
CNC;LMT;0.00029967142219651565
BLDR;EXR;0.00030162190812832245
ELV;EPAM;0.00030820837511440186
APA;CNP;0.00031376590105245924
AVGO;SYK;0.00032680663625664157
EXR;MSFT;0.00033456064436699967
GPN;TDG;0.00033549321714203625
CDNS;FTV;0.0003466875840262483
HUM;EURUSD=X;0.0003474289615048565
AEP;SBAC;0.0003487319149433817
SW;TDG;0.00035996791072114
DLR;FFIV;0.0003636732996011388
SPGI;STZ;0.00036732324539259266
KKR;TROW;0.00039007415921313467
INCY;IR;0.0003964398995772231
HST;PHM;0.0003965874760322006
LYV;TTWO;0.00039922082780351756
PKG;SW;0.0004028570047180305
CRM;SBAC;0.00040355990839704596
CSX;NTRS;0.00040935109612982536
INVH;PEG;0.0004129859676383619
CI;EL;0.00042065950782931217
CI;UNH;0.0004354191876717407
APTV;PLD;0.000436724313438521
EMR;VLO;0.0004444878502055405
CRM;EL;0.00044529343361665575
KO;PAYC;0.00044554360083365216
MCO;MSCI;0.0004465808280676983
DHI;HST;0.00044810719280344064
AMP;L;0.000451850031082273
ITW;SHW;0.0004539855808319765
CBRE;PHM;0.00045485151844800424
KKR;LDOS;0.0004599792186054115
PNC;PODD;0.0004620562686262062
ES;LVS;0.000466182449810125
AMZN;MPC;0.0004772161022265374
META;PLD;0.0004834125483408263
MPC;TEL;0.0004862739670689129
AMT;HUM;0.00048665100566924513
EQIX;KO;0.0004891771982867509
GDDY;LIN;0.0004923985426731068
DLR;KO;0.0004971495100683885
IDXX;INVH;0.0005051771138825673
AVGO;ED;0.000509346636396872
NOW;TDG;0.0005163992506913738
CNC;MSCI;0.0005230628305883872
CDNS;MSCI;0.0005276746703153698
TYL;ZBRA;0.0005341717404841756
EMR;NSC;0.0005393374725196798
HII;LYB;0.0005449290021312955
AVGO;CCI;0.0005465752610693805
WTW;ZBRA;0.0005523184817625924
EXR;JPM;0.0005611838761530744
NXPI;PAYC;0.0005717462807801964
AFL;CI;0.000586018650641169
CPRT;GRMN;0.000589449792059375
GPN;KO;0.0005904192003999066
J;OXY;0.0005927842050649615
CI;MA;0.0005970684492250072
GD;MTD;0.0006032301960972357
CSGP;GPN;0.0006166672958319302
APTV;META;0.0006192784907591133
HST;TSN;0.0006197825729009247
AON;WDAY;0.0006363512622575772
BAX;PAYC;0.0006417128829385743
CNC;VRSN;0.0006417714261342347
CCL;KO;0.0006454421420452921
BKR;UNH;0.0006469050048769587
EXR;LHX;0.0006476061798274209
CNC;STZ;0.0006576954785990892
RCL;WDAY;0.0006580768959259103
HST;INTC;0.0006599222550809684
ELV;GDDY;0.0006671783530316527
GM;GNRC;0.0006708187014510951
BDX;GDDY;0.0006720423332717769
GPN;ROL;0.0006761219845877448
TRMB;WTW;0.0006762123497952312
AVGO;ES;0.0006794829322119841
CNC;MA;0.0006799851589284967
CRM;MNST;0.0006818570122513055
WDAY;ZBRA;0.0006869121621549273
EXR;LEN;0.0006883175523808826
GDDY;MNST;0.0006911967303458901
CTSH;WDAY;0.000692319995084382
TRGP;UDR;0.0007025754023119639
EXR;TDY;0.0007068484136053342
ALB;DXCM;0.0007093039055376803
GDDY;ZTS;0.0007146217974010725
BDX;FICO;0.000729698789577167
EMR;PSX;0.0007372565712697001
GPN;MCD;0.0007395728094155454
HST;ODFL;0.0007481725446103817
AVY;EXR;0.0007488604624650072
AES;MRK;0.0007518614731127885
SLB;UDR;0.0007590545921038768
CCI;LVS;0.0007599394046827105
CME;PSX;0.0007627037850171737
CNC;V;0.00077408479247854
AEE;CTAS;0.0007746451199675996
LYV;PLD;0.0007759631820520621
INVH;TPL;0.0007795991448315829
T;ZBRA;0.0007806250919321183
INVH;LHX;0.0007840223318404346
DVN;VTR;0.0007857605089507513
MSFT;NVR;0.0007858701172365137
C;EMN;0.0008082135010619598
PSX;TXT;0.0008271178729428656
CCI;HON;0.0008274801546517182
DTE;PAYC;0.0008307682289440002
MSCI;NOC;0.0008311187077255389
MDT;TPR;0.000886335639011147
KKR;L;0.0008928220766126959
C;NFLX;0.0008951150090947149
DECK;MAS;0.0008956549832127053
GPN;NVDA;0.0009056462250052984
EPAM;LW;0.0009063156336939986
DLR;MOS;0.00090682842184434
ADM;MGM;0.0009097943770088791
CCI;GBPUSD=X;0.0009131382262735758
HUM;XEL;0.0009198993898144705
ANET;MHK;0.0009227591262774521
CMS;ROL;0.000925707215695189
KKR;VLO;0.0009503038180549786
MNST;V;0.0009670069763711225
GPN;TECH;0.0009693330165555859
CMS;RVTY;0.0009716266209590744
CMS;LVS;0.0009731815212920795
AMZN;WMT;0.0009837674047190616
CTSH;GPN;0.0009903101317303552
CI;PYPL;0.0009979720645071986
CBOE;EMN;0.0010146868281323334
KO;ZBRA;0.0010147635779758559
AES;LYB;0.0010153038291188894
AEP;GBPUSD=X;0.0010177738296282264
EXR;HD;0.0010214065655628926
MHK;MNST;0.0010345368174695484
FICO;MPC;0.0010403818329134285
AMZN;JKHY;0.001041077568491611
NEE;PAYC;0.0010412514612759432
ADP;TROW;0.0010419480671836079
CTSH;WTW;0.0010471347464354442
ARE;PGR;0.0010497365620562589
HUM;PAYC;0.00106698468924117
EXR;NVR;0.0010685677587471106
HUM;UDR;0.0010734657787332346
HST;MTCH;0.0010776275092447736
AVY;EMN;0.001081182180203681
KMI;WAT;0.0010816811372882534
CI;TECH;0.00108661053592702
ELV;EXR;0.0010889926455123885
KO;TYL;0.0010897438528820569
AFL;UNH;0.0010909566633404573
NOW;TECH;0.0011028729979014524
ARE;ELV;0.0011056315576465216
DECK;ZTS;0.0011065790163260307
HST;PEG;0.0011073382977277834
APTV;CNC;0.0011128950408641524
HST;LEN;0.0011152867809763004
CZR;IR;0.0011260485729207082
ARE;GDDY;0.0011371295512302788
C;MCO;0.0011382772049443426
CVS;DHR;0.0011398752273708043
BKR;IQV;0.001145101721825368
NCLH;ORCL;0.0011508184449801405
NXPI;TRMB;0.0011536031582709567
BAC;EXR;0.0011595491602980708
CSX;ECL;0.001161388867337548
L;TEL;0.001163969924196762
EXR;L;0.0011639985672292589
EXR;WMT;0.0011640252728053872
GPN;PLD;0.0011763649972045265
MU;SWK;0.0011789591844123212
AVB;SPG;0.0011808977765689337
GOOG;MAS;0.0011824855489576099
INVH;TDY;0.001185454686795634
AMZN;EPAM;0.001202924476447068
ADP;CTAS;0.0012069578758695566
BKR;NEE;0.001209970142288755
IRM;ULTA;0.0012170380078597655
INVH;LYB;0.001233443430299969
AVGO;KMI;0.0012470200412395785
DD;TFX;0.0012575111235734752
APTV;LYV;0.0012664371284478633
EXR;MMM;0.0012674307370093957
ECL;TYL;0.0012755279272301686
META;NEE;0.0012897875463975094
EPAM;SWK;0.0012908284682084203
META;STZ;0.001293928029563912
ARE;FICO;0.0012944051906414802
ALL;MNST;0.0012986552957347838
EMN;NVR;0.001301998473726924
CNC;TECH;0.001302881805298643
HUM;RVTY;0.00130639063723335
HST;SHW;0.0013092531869893511
HAS;INVH;0.0013100264832374643
INVH;SNPS;0.0013124387452273284
GL;HST;0.0013338770968319574
CPRT;EXR;0.0013370124085410485
CRM;WEC;0.0013489367123981977
A;LYV;0.001352044733071237
BDX;BKR;0.0013578720053290577
CNC;CPT;0.0013610903994995763
CSGP;HUM;0.0013687146842712257
DD;LHX;0.001369144497024785
CI;NOC;0.0013802573794969776
EA;MOS;0.0013806657260672626
ADSK;DLR;0.0013890674053639337
JBL;SPG;0.001396885823267246
EL;GDDY;0.001409055451902084
CSX;ETN;0.001420047415226905
PLD;STE;0.0014206777553519147
INCY;MTCH;0.0014211417030403366
AMZN;ARE;0.0014281636458369656
MLM;UAL;0.0014300590459777665
LNT;NFLX;0.0014329585471031761
ABT;DD;0.001435580050849784
FRT;WELL;0.0014374823861828087
DTE;HUM;0.001454222366361237
ARE;FSLR;0.001468139929139641
AFL;MNST;0.0014758114122167616
L;WMT;0.0014976323365292674
ADP;AXP;0.001498298619545821
CVS;HST;0.0015009234658056312
EXR;IR;0.0015059925738772162
EXR;GL;0.0015171287257682176
FRT;VTR;0.0015333707173228878
AXP;TROW;0.001537936222057012
A;APTV;0.0015406934093381
CSX;DXCM;0.0015536432926769041
AME;GDDY;0.0015705676566675454
ECL;UDR;0.0015768815845730044
BKR;MNST;0.0015800890231384803
ADP;BRK-B;0.0015917466810616275
AVGO;CMS;0.0015962948817780072
EPAM;ITW;0.001596551799794683
MSCI;SNPS;0.0015969056113370843
FTV;LRCX;0.0016010673607192453
KKR;ROK;0.0016012429567709512
CE;DD;0.0016054498455559836
CVX;TXT;0.001607893986698011
CSX;RTX;0.0016106476338219723
IRM;OMC;0.0016352669858744372
NEE;RCL;0.001638545134171698
ATO;HUM;0.001660438575505961
CSX;TYL;0.0016608970379690415
EPAM;SHW;0.0016660464757245184
AES;JPM;0.0016715821733035649
BAC;VLO;0.0016795369628526272
HST;MU;0.0016882059833328493
ADP;AMP;0.0016901049133051665
ES;MAS;0.001696780664526787
L;PHM;0.0016992350959587105
EMN;UNH;0.001708597536374074
CSX;MAS;0.0017105148648422228
INVH;MTCH;0.0017162600429332995
CSX;GBPUSD=X;0.001728641464552999
AVY;NVR;0.0017448574830080889
MCO;TTWO;0.0017481315923897197
MAR;MPC;0.0017488248057108001
AES;URI;0.001764510743619472
HUM;NEE;0.001764801448698019
AWK;EXR;0.0017720639695632276
AVY;CBOE;0.0017728032723640418
RCL;TRMB;0.0017745924651652197
EMN;TROW;0.0017836907552040455
CSX;MPC;0.0017896346728606528
ENPH;HSIC;0.0017973971483487604
EQIX;HUM;0.0017986105864591516
ARE;HON;0.001802543500446311
GDDY;UNH;0.0018053698886042729
AES;GL;0.0018074356032843429
A;PAYC;0.0018108328396044934
CSX;DECK;0.0018209844538570163
BDX;EXR;0.00183047628644664
TMO;TRMB;0.0018318709265252974
BDX;HST;0.0018341186996264573
CSX;KMI;0.001834669324910719
AES;HSIC;0.001836481607413612
CDW;DXCM;0.0018408852257016301
L;TROW;0.0018485634115510475
AES;MET;0.0018538467112890972
APO;STZ;0.0018688216892544548
IVZ;NVDA;0.0018714139284310891
GDDY;STZ;0.0018733618539857131
GDDY;NVR;0.0018820193327795654
CSX;TT;0.001889325329928369
L;PFG;0.0018940481591699298
L;ODFL;0.0019267210986371006
HCA;MO;0.001929401477709223
DTE;KO;0.0019314232701337537
CB;SYK;0.0019344173106168995
INVH;LDOS;0.0019402008854363072
CI;EMN;0.0019443022845888013
GDDY;INTU;0.001949509276640922
LDOS;TDY;0.0019505552627002568
ANET;MNST;0.001963512810964915
AXP;PODD;0.0019638715311097905
GPN;STE;0.001967933406574781
L;LEN;0.001974739122660549
CCI;MCD;0.00198612507321064
INVH;PSX;0.001987268913322914
ENPH;OXY;0.002006424338536442
AES;BAC;0.0020118866813456657
BRO;TXT;0.0020281099990505226
BR;GDDY;0.0020315047884374737
AES;TFC;0.002031775981609589
DXCM;MPWR;0.0020429110697140177
CSGP;TDG;0.0020450735658481566
CVS;PTC;0.0020471801463558914
SW;GBPUSD=X;0.002055790511501821
CI;STZ;0.0020712138893298248
AES;VRSK;0.002073041275639613
HUM;TMO;0.002083468256171615
HST;ON;0.0021032161066359503
INVH;KHC;0.0021034043562575336
APTV;RCL;0.002103820028990391
AVY;MPC;0.002105286797519271
ECL;KO;0.002105963354945847
AES;RL;0.002106556388006162
MCO;NOC;0.0021091917186470506
TTWO;XYL;0.002110196608830693
INVH;WM;0.002110345388943911
MHK;UNH;0.002115101939196557
STE;WDAY;0.0021170987496784755
INVH;TROW;0.002120101144501662
KKR;LKQ;0.0021217473221230828
INVH;LKQ;0.0021300064351037168
GOOGL;MAS;0.0021355406326516646
CRM;MPC;0.0021424536568556782
ECL;KMI;0.002143347468196521
NVR;V;0.0021442322349829145
CTSH;RCL;0.002154145010507962
OMC;WBD;0.002156827984194205
AES;FITB;0.002161254640182193
ADSK;WTW;0.0021725605408003585
ABT;NOC;0.0021753977448182456
INVH;V;0.002184595703588826
ADP;NRG;0.0021890828784254684
INVH;TTWO;0.002190805108557209
BKR;HIG;0.002191289837650963
LDOS;TFX;0.0021917383588832286
LMT;MCO;0.0021963294852301446
MTD;ROL;0.0021998628499508063
BKR;SYK;0.0022038562293520514
EPAM;HST;0.0022249211488208254
ISRG;TRMB;0.0022353378807640784
UDR;WDAY;0.0022426173278849177
AES;CPAY;0.0022543113858987983
EA;ESS;0.002258234148669209
BKR;MSI;0.002261314021293227
STZ;V;0.002262685330794342
INVH;OMC;0.0022628439328585288
AES;HST;0.0022662053111602003
NFLX;NOC;0.0022676997844712763
ABT;CE;0.0022835835343882954
ELV;JKHY;0.0022860835369699585
CME;NSC;0.002289588340379779
INVH;XYL;0.0022953295473337287
DHR;HST;0.0022978141770142323
MSCI;NVR;0.0023033175582780705
MHK;MSCI;0.002306739989425882
AES;L;0.002311962371127412
CMCSA;DGX;0.0023135805403788207
MSI;SYK;0.002320053431112223
HST;LW;0.0023419559658969455
MU;ROK;0.002345283011616808
AES;VLO;0.002347182588010187
DOV;TROW;0.0023536176687678446
ES;ETN;0.0023577125612564455
AES;DHR;0.002389349462459608
ANET;MSCI;0.0023930822128430448
NEE;SPGI;0.002393105667309058
XOM;BTC-USD;0.0023971788593213092
AME;CCI;0.0023987035573114976
EQIX;RCL;0.0023991343441674483
CNC;MNST;0.0024206678955324837
PAYC;TRMB;0.0024221603616488585
INCY;UNP;0.002428795854965126
BKR;CI;0.002433250799793819
ICE;TDG;0.002438509040516478
MNST;VRSN;0.0024387449205973567
C;VRSN;0.002442434115767752
MCHP;TMO;0.002457294451200574
AES;TSN;0.002464203550610567
CVS;GRMN;0.0024695221668177723
MNST;MSCI;0.0024716711005311922
CRM;MSFT;0.002475112391986544
AFL;V;0.0024810548009873657
AVGO;DUK;0.0024885230298292665
AES;RF;0.0024966421108921664
LEN;MPC;0.002513106581133846
V;XYL;0.002515615502414241
CPAY;FDS;0.002520307952789224
CVS;INTC;0.002523108079675292
DG;MTCH;0.0025257126791242757
A;NXPI;0.0025323355786820287
ALGN;FDX;0.002532716061886228
IP;TDG;0.0025434044627447366
ELV;FICO;0.0025439638105151743
ALL;GDDY;0.0025501838860149677
KKR;STZ;0.002550349702574354
CME;DG;0.0025538639517667487
NSC;VLO;0.002556138155734946
ADBE;GDDY;0.0025579302718955065
CSX;IP;0.0025607405719132123
CSX;HST;0.002561505362414038
ELV;MPC;0.002568466255134249
AXP;PSX;0.0025770188191135924
GPN;TRMB;0.0025779503084624447
KKR;TXT;0.002582527994665122
ABBV;EMN;0.002583222274097325
AAPL;SWK;0.0025874237730539092
FRT;GWW;0.0025953234272348556
CBOE;EXR;0.0025960159657996778
AES;CHRW;0.002600663054680419
CDW;IQV;0.0026067694115031446
APO;APTV;0.0026077453209831466
CF;CVX;0.0026141942013693915
CDW;KKR;0.0026151471384065904
CINF;AUDUSD=X;0.002622124975938464
EMN;XYL;0.002622872255587966
CSX;SI=F;0.0026236570415989497
KKR;PH;0.002626547920906911
MS;RJF;0.002631238113309242
CSX;IVZ;0.00263606086131563
DXCM;MET;0.0026614496028008867
SPGI;TECH;0.0026635618640351018
BKR;WEC;0.0026652982160579575
CAT;DOV;0.002665638664767479
AES;NKE;0.0026710643193049374
AES;DHI;0.0026826879358338813
CSX;WST;0.002695331002798617
INVH;JBHT;0.0026974285359071893
HON;MNST;0.002698574673322941
LNT;PAYC;0.0027014147361134524
CBRE;EXR;0.0027049546891169604
FTV;VRSN;0.0027069632142332515
CSX;MGM;0.002731889497407472
AES;PRU;0.0027355793000769344
AES;INTC;0.0027359305657628764
FSLR;LKQ;0.0027362898030617346
EXR;MPC;0.0027408648990512492
ARE;KKR;0.0027416187342779643
LW;WMT;0.0027426740187843335
AES;ENPH;0.002745101919873788
C;CE;0.0027505806994388535
MPC;WMT;0.00276318878185536
GRMN;HST;0.002763206822412925
DXCM;NFLX;0.002764349844298235
ARE;MAS;0.0027682723090908627
AMZN;ZTS;0.002768519373190374
EXR;GRMN;0.002769377550153989
AES;PCAR;0.002775218518281566
CBRE;PFG;0.002782143444939659
CBRE;DHI;0.002784320719533371
EPAM;MHK;0.002794910231840274
LMT;V;0.0027982168538234786
FRT;TSCO;0.0028099897122856056
AES;HII;0.002816795292576063
BAC;DG;0.0028210210636439585
ARE;BDX;0.0028226495646277478
CPT;NOW;0.0028277276700871606
EXR;VLO;0.002837425149724105
GPN;STZ;0.002845399589713066
AAPL;SBAC;0.002847778827705489
C;KKR;0.002848772192962287
C;CPT;0.0028501646742815166
KO;UDR;0.0028507694480979693
AES;SCHW;0.0028508703869575213
CMS;PKG;0.002853235076040664
FRT;PPL;0.0028573755924101623
HSY;NTRS;0.0028752042389314177
KMI;UDR;0.0028753898069194274
TDG;WTW;0.0028898076792879426
AMZN;MAS;0.002890977605360298
AES;COF;0.0028999924235675162
KLAC;PNR;0.0029012695044005137
ANET;CZR;0.002902238829521459
MLM;WAB;0.0029036607055053765
EBAY;STT;0.0029069731055007624
CPAY;OXY;0.00291041436632861
STLD;VRSK;0.0029171940839247006
BDX;FDX;0.002918038807914449
GDDY;MSFT;0.002918923464915206
INVH;MNST;0.0029200602524802536
INCY;NSC;0.0029291022347331165
IT;UDR;0.0029460583576184285
DTE;RVTY;0.0029522908836884
KO;WDAY;0.0029592945833811332
CSX;DAL;0.0029633200800416957
ESS;TRGP;0.002985725050201981
D;KMI;0.0029883192762491287
AMP;EXR;0.002993208502888638
ED;LVS;0.00299643569867156
CPAY;RF;0.002998330483465202
AES;FDS;0.003009651280460957
F;GS;0.0030097232768317487
CTAS;TFX;0.003021614745585064
CPAY;HUBB;0.0030233995248653937
SPG;WDC;0.0030316670178835697
EXPE;REGN;0.0030320707194979265
AAPL;CCI;0.0030386003786009174
IQV;LYV;0.003049126390065109
CMS;WYNN;0.003053785542046647
CAH;INVH;0.003054218904163973
CPT;UPS;0.0030607808679882385
ADSK;EQR;0.003063735389960749
ITW;MPC;0.0030744093484654446
NVR;PYPL;0.003075766889574479
CI;V;0.003077212898097318
AVGO;XEL;0.003081199067497935
FICO;MMM;0.0030857557638630136
KKR;PGR;0.003086985401586486
EL;NVR;0.0030926611054103437
DLR;WDAY;0.0030939917895395908
CVX;JBHT;0.003100017121968483
NOC;NVR;0.003101717471246109
EMN;VRSN;0.0031163767207824677
AES;FE;0.003125626153175403
L;MPC;0.0031338472574707734
FTV;PAYC;0.0031486329992385146
BRO;MTCH;0.003160271162250595
AES;PHM;0.0031619451832530718
DLR;WTW;0.003162667354283226
AES;OXY;0.0031661034029955874
DXCM;ROK;0.0031696763688525372
CMI;EBAY;0.0031751526094696172
DXCM;HPQ;0.003179263553854426
AES;PWR;0.0031794158054018833
GPN;RCL;0.0031837429265135528
FTV;MPWR;0.0031851248802503463
BLK;TEL;0.0031913878553389906
ARE;MHK;0.0031969232438507937
ISRG;LYV;0.003198117128325596
NCLH;SLB;0.003202753937842494
AAPL;LVS;0.0032040136652462426
GPN;LYV;0.0032100618614102914
EMR;EXR;0.003213683698288586
HUM;PLD;0.0032171185608924906
HUM;WTW;0.003226471670992951
AWK;MSFT;0.0032348634132433906
ADM;WST;0.0032398618231790186
GE;MPC;0.0032442175172239097
CSX;PNR;0.00325157520168229
ROK;SWK;0.003267804223410385
FRT;TSLA;0.003268198930890193
INVH;PHM;0.0032703137774474055
MSCI;STZ;0.0032840086896276277
CINF;NDAQ;0.0032952592042097156
BKR;PYPL;0.003296523162438337
APTV;NEE;0.003298915432301588
L;NOC;0.0033142890451950007
HSY;LOW;0.0033242165984685387
FRT;SYF;0.0033242367814474622
DHI;L;0.0033375350051973937
HST;L;0.003343734755725205
L;TXN;0.003348909154991519
INVH;TSN;0.0033573957040940235
L;PEG;0.003362317125885433
AEP;CCI;0.0033642895450219277
BKR;GDDY;0.0033651476694519116
DD;NOC;0.003366900938047115
AVY;L;0.0033712313934634247
EQT;SBUX;0.003384823657183783
ALGN;BLK;0.0033980887936746447
SPG;VTR;0.0034017403494723333
DOV;TXT;0.0034069347769135998
EIX;GEN;0.0034154886286042207
C;V;0.0034188450343792262
APTV;STZ;0.0034232898862352435
AJG;L;0.0034259385531444225
CTAS;EXR;0.0034288487898622554
ADP;DOV;0.00343170936096457
HSY;MKC;0.0034318076644992727
DPZ;MCK;0.0034381277061590484
CRM;PYPL;0.0034395849781129716
CNC;ICE;0.003443667715806336
AES;EOG;0.003449167099760286
AME;STZ;0.0034522225430784915
AVGO;NEE;0.0034566825410914325
ACGL;GIS;0.003464450557442703
ECL;SLB;0.0034648579946988866
ED;PAYC;0.0034714886752758227
CME;TDY;0.0034755393710348657
ADP;ON;0.003491215944107037
GE;MSFT;0.0035018542035762305
AWK;EPAM;0.003504642698227683
KMI;SYK;0.0035053836683997626
AES;AMP;0.0035101389358660508
L;MS;0.003513533865290724
ARE;MPC;0.00353276660226828
TYL;UDR;0.0035457936620598143
ADBE;WEC;0.0035484478247722185
DECK;LVS;0.0035501216248595684
EXR;SWK;0.0035538935682287035
AES;CSCO;0.0035574991356798298
BDX;L;0.003559537883190348
ADSK;ZBRA;0.003561570584801184
MTD;WTW;0.0035733541892131655
MCHP;ZBRA;0.0035736300887693364
CRM;HST;0.003575699497364623
DXCM;LRCX;0.0035835481687837884
NFLX;PLD;0.0035862803394937394
AES;FANG;0.0035917476249725886
EPAM;HD;0.0036172086567589114
CSGP;KO;0.00361768127991205
CMI;KKR;0.0036232679458899214
ATO;PAYC;0.003636307285175915
C;PYPL;0.003649070416267513
APH;MA;0.003653959081289817
HAS;MDT;0.003655614997515986
CSX;TRV;0.0036591418912208643
NCLH;VRTX;0.0036626601096708335
FIS;LMT;0.003663059969308557
ABT;BRO;0.003670158395117733
BRO;DOV;0.003670947161484597
BDX;MPC;0.0036778570523328595
DXCM;SWK;0.003681196486049077
EL;UNH;0.0036962049722095223
FTNT;MPC;0.003699174854514048
HST;SMCI;0.003703728060605123
CNC;SPGI;0.0037077969087863497
ACN;IR;0.003729388514876796
CSX;INCY;0.0037304459062850077
SW;TECH;0.0037307032136510523
AES;UAL;0.0037312350160657723
MHK;SBAC;0.0037328233868810924
INVH;ON;0.0037335879635260897
AES;EXPD;0.003739214142449712
CSX;PSX;0.003745742997663464
AES;NTAP;0.0037541929958319164
AES;EXR;0.0037718772600253726
CSX;WMB;0.0037752426897282644
INVH;MSFT;0.003782760406890232
AES;HBAN;0.003784089242372284
ANET;INVH;0.0037946297074652378
FRT;PM;0.003796646208600636
KMI;PAYC;0.0038141967796293877
BDX;EXC;0.0038155034643620324
GEN;HRL;0.0038209827432263872
ARE;JKHY;0.0038277852807789346
MNST;PGR;0.0038301002519003573
DLR;DXCM;0.00383223458474361
BDX;NVR;0.00383678911738415
CSX;LIN;0.0038368870291664494
HUM;GBPUSD=X;0.003837790417429816
HST;MAR;0.0038378926870134274
APTV;FIS;0.0038524953262368666
AES;RJF;0.0038563610505393305
FRT;MAA;0.003858881630670791
CCL;HUM;0.003866398871339094
EMN;ROK;0.0038830964983358543
DLR;KMI;0.003890606877713615
C;CI;0.003895917984807508
CNC;NVR;0.003913896005420324
BDX;MHK;0.003915247152855583
CSX;ZTS;0.00391842500653808
ARE;DE;0.003920937126208614
EPAM;WMT;0.003924377463840878
BMY;DD;0.003932894975076705
LEN;PFG;0.003935490010080072
RCL;ZBRA;0.003965276084837163
ARE;BLK;0.003967670860428872
AES;J;0.003969510937434546
ROL;TECH;0.003970692099138396
CI;CNC;0.00397235807182078
ANET;SWK;0.003972760675797317
AES;MPC;0.0039755561738526735
INVH;NVR;0.003975935543521422
AES;PEG;0.003985621059582597
DHI;MPC;0.003989090011828889
CMI;EMN;0.003999612911091317
AES;AXP;0.004001390314407061
AES;GRMN;0.004003338996088842
AVY;PSX;0.004011764107726401
BX;TRGP;0.004016857523291749
DXCM;ROP;0.0040193251639253046
INVH;TXN;0.004024047511839796
BKR;EXC;0.0040263212446053865
BWA;DXCM;0.004027974584004878
DXCM;SHW;0.00403838716730129
FRT;JBL;0.004049845306919069
IEX;TRMB;0.0040597184555601325
AFL;VRSN;0.004064833688697577
BR;MSFT;0.0040723760895099185
AME;SBAC;0.004079582346826986
HST;LHX;0.004083225900219147
AMAT;FTV;0.004088952035852861
EQIX;TDG;0.0040941748960054945
APTV;TECH;0.004094225004572559
KKR;PYPL;0.004109009630954761
AEP;FDX;0.00411108072089079
BKR;NVR;0.004113244289689016
FICO;PFG;0.0041265022790954705
LNT;SBAC;0.004138871578055467
AES;PSX;0.00414346381631842
ULTA;VST;0.004147449701863795
AES;STLD;0.00416006302855905
KKR;MNST;0.004169051792861796
RJF;TROW;0.004172357079688856
AON;HUM;0.004176177942339385
AES;CBRE;0.004183801654859781
AES;PCG;0.004185467627754218
PAYC;RVTY;0.004190787470487941
CSX;TDG;0.004197818870588253
CBRE;LEN;0.004207446036773749
EXR;TER;0.004216237967051545
CRM;TECH;0.004219839592999933
KKR;TECH;0.004220162056390372
SBAC;WEC;0.0042309951678276385
ADM;AMZN;0.004234224678190167
ARE;UNH;0.004235005271582823
PM;WELL;0.004242499216001822
HUM;MTD;0.004246119611260218
CCI;KMI;0.004248108170455934
IP;STT;0.0042503904505884135
SPGI;TROW;0.004263489775105156
KKR;MAR;0.004269732514089682
IQV;ISRG;0.004274307004038558
AES;PH;0.004278825712202266
CSX;WAT;0.004282124502965789
LVS;SBAC;0.004289074588955337
HUM;WDAY;0.004292886949555318
ARE;GE;0.004295762831696021
AES;GS;0.004308481535995095
EL;GE;0.004312291580829003
PKG;TDG;0.004334379720547714
NOW;STZ;0.00434502874072652
CTSH;STE;0.0043511097368629376
ARE;LIN;0.004361027816869326
CFG;RF;0.004368928947477623
APA;ATO;0.004375193087988478
CSX;L;0.004383831719383244
DOC;HII;0.004386050087615823
ADM;ZTS;0.004390833798583413
EMN;MA;0.004390841785203726
AFL;MSCI;0.004391302333984965
ABBV;ROK;0.004406355237150709
KKR;NVR;0.004420856180753542
DE;EPAM;0.004423059861688039
AES;NRG;0.004437716246163374
AES;WM;0.004448356653393886
VMC;WAB;0.0044501622022404775
AEP;LVS;0.004451094079393357
EXR;PFG;0.004457975697751373
DTE;GBPUSD=X;0.004477677746813008
CTAS;EMN;0.004484775688700271
HST;MMM;0.004498649557008019
EMN;EXR;0.004512537849102093
ARE;NVR;0.004522405729766755
LKQ;PSX;0.004522435292584693
AES;CVS;0.0045302150962324645
L;PGR;0.004530598392812709
DHI;PHM;0.004531712417651238
ABBV;DD;0.0045354446709173196
ARE;EMN;0.004540672667598794
ADM;GOOGL;0.004547239525333219
DE;NWS;0.004547330058964592
KKR;UNH;0.004548988194047946
CZR;INVH;0.004553885430915524
PODD;TROW;0.00455406689057327
CVS;TEL;0.004555604553613055
ADBE;BDX;0.004556677042252329
HUM;NXPI;0.004568628266188349
DD;DXCM;0.004570842096872246
CSX;KO;0.004577276894620414
AES;FAST;0.004582403490507884
EXR;PNC;0.004583495256555564
HST;RMD;0.0045864335692453965
INVH;MCO;0.004589674869243785
BKR;L;0.004591302967955685
HST;JPM;0.004591915538033718
CINF;PG;0.004599342788126815
ELV;MNST;0.004619614475797494
KKR;TRV;0.0046209185315730416
APD;MTCH;0.004623493562296043
CSX;LII;0.004624240322957095
DXCM;TFX;0.004628288639451335
AES;TXN;0.004629249279063195
CNC;PYPL;0.004632710562166247
AES;PODD;0.004632724722936892
AEP;NOW;0.004636061899526965
INVH;ODFL;0.004640995909820133
MSCI;VRSN;0.0046451263124574
AES;CE;0.004649019590115262
AVGO;TYL;0.0046560761837022
AES;WFC;0.004666620118227857
AES;ULTA;0.004671864351810318
AES;WY;0.004685674665277355
OKE;PCAR;0.004686141533193212
BKNG;WMB;0.004687569962388323
AES;GNRC;0.004688114812703248
L;NWSA;0.00469403927157708
EBAY;PKG;0.004695279418967927
ABBV;DOV;0.004706073550781544
INVH;MA;0.0047117642086271635
AJG;EXC;0.0047130682645384865
CINF;MLM;0.004718353630937161
GOOGL;KMI;0.004728611793974088
SNPS;TFX;0.004728762780250854
AES;PAYX;0.004730084610899153
INVH;UNH;0.00473118689458565
CDNS;LNT;0.004737151092896454
KKR;SWK;0.0047386394453032095
ADSK;EQIX;0.004739935017604246
CVS;DHI;0.0047467401573223
AKAM;SPG;0.0047503176165019706
L;PNC;0.004757029829921525
MU;TFX;0.004761850711282234
BKR;TECH;0.004765284473827866
AAPL;FDX;0.004769704253633037
ALLE;DXCM;0.004777013917991141
PH;VLO;0.004786281292511848
CSX;O;0.004790648036814443
FTNT;HST;0.004792273401822679
AES;EXC;0.004794973268081799
CVS;LEN;0.004796917063119797
AOS;TAP;0.00480596201358277
MHK;MMM;0.004820893689098296
AES;TDY;0.00482143279709304
ADBE;SBAC;0.00482768672021381
AVGO;SBAC;0.004828224207045966
ADP;EMN;0.004831529962927454
CDNS;DXCM;0.004835596531467921
EFX;GNRC;0.004836798476267009
ADP;L;0.00483919856064436
CVS;TRV;0.0048433778515495135
INVH;MSCI;0.004845303087694095
ALGN;CBOE;0.0048462286781367795
NXPI;STZ;0.004857700608911344
IEX;NOW;0.00486417818729024
INTU;ZTS;0.004864396384864952
L;NWS;0.004864924393056354
MSFT;WMT;0.004867523973602363
AVY;MNST;0.004868771428934289
APTV;PAYC;0.004871738073130473
AES;PFG;0.004875419378233213
CNC;FTV;0.0048901976302186505
AES;CF;0.004893249381924743
HST;RJF;0.004901049195989773
A;STZ;0.0049014334503647205
BKR;MHK;0.004904163849991416
CPT;STE;0.004904297613243194
HON;IR;0.004907582260819535
HUM;STT;0.0049244784197317966
AVGO;KO;0.004926017092391261
ATO;AVGO;0.00494378514474307
GOOG;LIN;0.004943987491080691
EPAM;MAS;0.004944838206348523
CVS;PHM;0.004952269030111413
KKR;TDG;0.0049557587606564885
CNC;LYV;0.0049649754846029055
INVH;ULTA;0.004965683488428449
ED;RVTY;0.004966830672498135
UDR;ZBRA;0.00498116403026122
CSX;UPS;0.0049835164060763725
ETR;MAS;0.004989407105677878
PPG;SHW;0.005035017941791436
AWK;PHM;0.0050360967997297714
KO;RVTY;0.005042145409688099
CRM;LNT;0.005042302696943829
AJG;EXR;0.005053869414562448
CSX;TECH;0.00505994548344382
SMCI;WY;0.005065263359735843
DLR;MCHP;0.005065332076343313
AES;DOC;0.005092966620455768
AES;BDX;0.005099179303278588
CRM;NOC;0.005109677371980996
CSX;IEX;0.00511097178209789
ISRG;PAYC;0.005110994376407206
AES;LEN;0.005120417728096156
AVGO;DTE;0.005124128174404404
GDDY;HON;0.005124167734035699
DELL;PFE;0.005131185447022819
AES;ROK;0.005152446865767029
MCO;XYL;0.005159362119395377
NI;UDR;0.005160488628833898
NTAP;RF;0.00516423997771167
CSX;MMM;0.005166995512601584
AES;CME;0.005174663390046423
CVS;VRSK;0.005179068970185704
AME;ARE;0.00518599905859085
MHK;STZ;0.005192813303944573
ABT;CNC;0.005194069415320651
ETR;TFX;0.005196764881686736
ALGN;NOC;0.005197792653193223
CSX;VLO;0.005201257058566282
CI;VRSN;0.005203011071979329
BRK-B;CME;0.005206437232113069
AMZN;HST;0.0052141661025264146
GLW;HST;0.00521460940515113
BKR;FICO;0.005220981267736803
NXPI;RCL;0.005225651190355676
EQIX;WTW;0.005231420175794969
AES;MS;0.005234776902963877
HON;MHK;0.005237168478673586
AES;PFE;0.005237957224250843
CSX;STZ;0.005239183544614262
C;FIS;0.005240184903570237
FDX;NVR;0.005240588549883911
L;WM;0.005241133954702603
L;UNH;0.00524221701889855
NCLH;NI;0.005245291475133673
AMT;KO;0.0052613852468388934
ARE;SHW;0.005268334121378913
BSX;SJM;0.005285615328002018
CVS;GL;0.005289087751702045
AES;TEL;0.005289852225107181
COF;CPAY;0.0052913235473946
GPN;NEE;0.005298418622266804
PFG;TRV;0.005301004908916383
HUM;MCD;0.005304297285498406
NVDA;TDG;0.005305756894487949
APH;MSCI;0.005318496532324408
AES;TXT;0.005321212511209009
AES;CPRT;0.005329307420866492
AES;GE;0.005332076615085741
AEP;LNT;0.005343290744018342
HST;PTC;0.005352421810693555
CBRE;LVS;0.005358447267150268
BAX;RVTY;0.005358931764334399
GE;HST;0.00535900256253288
AES;LHX;0.00536120144529194
KKR;NOW;0.005369132631533892
AES;HUBB;0.005375103529529022
SW;UPS;0.005384426058791091
APA;HUM;0.005385482917442355
MPC;NWS;0.005407671418978878
AMZN;GDDY;0.005411209488656598
CI;GDDY;0.005417632974620723
AWK;CBRE;0.005419719313208631
MPC;NWSA;0.00543209041373049
PYPL;UNH;0.005434170350643955
ALL;MHK;0.00543675708190094
AES;F;0.005441547157627578
AES;ODFL;0.005445428427219321
GRMN;PEG;0.005448849947710951
WDAY;EURUSD=X;0.005449468343402688
FICO;UNH;0.005451857703407009
KLAC;PPG;0.005459742111674734
CSX;LUV;0.0054725244455223485
GILD;USDCAD=X;0.005480618141832977
CRM;NVR;0.005482938309186463
KKR;TAP;0.005486500377300493
AES;CFG;0.0054897416577900735
ADP;PNC;0.005495340359882945
ADP;RJF;0.00549906766333506
CBRE;TRV;0.005500429441882835
AES;KEYS;0.005511178633724482
AES;JBHT;0.005513452949527576
GDDY;MHK;0.005525227401730847
PPG;SMCI;0.005540315427568207
KKR;MS;0.005545692605346609
MMM;SHW;0.005560547365822776
KKR;SHW;0.0055633069631279885
NEE;STZ;0.005563415908003928
CVS;ON;0.005570496726488646
RF;STLD;0.005571229538551969
AES;PNC;0.005573712883212093
L;SWK;0.005577196697801934
FICO;GE;0.005579251907165926
ADM;GOOG;0.005588543307301462
CSX;KIM;0.005592973104111629
CTSH;HUM;0.005594902519264077
RCL;TMO;0.005608468864951429
CCI;WEC;0.005611388191857483
GLW;NTRS;0.0056162988055037
L;PODD;0.0056164036869099645
COF;GS;0.005617549294679088
GPN;HUM;0.00561777275577368
AES;LULU;0.0056212624036589085
AES;COP;0.005621900550725908
AES;AVY;0.0056602847554793325
ALL;ARE;0.005663593712320289
GE;L;0.005663863340537474
GLW;MPC;0.005669029328217587
CRM;FTV;0.005686380652837175
CCI;DTE;0.005692002799277459
AVY;EL;0.005692113645845032
FDX;PYPL;0.005705729468569095
CSX;PPG;0.0057080198135556134
GOOG;KMI;0.005719316773116734
APTV;GBPUSD=X;0.0057225120174135375
KKR;XYL;0.005723766210717038
MSCI;XYL;0.005724382726497001
AES;AWK;0.005726118388865021
NUE;WRB;0.0057342685061704205
DD;MCO;0.005759948207591301
CMS;DLR;0.00578033292118692
AES;CMG;0.005783599513133831
CNC;FIS;0.0057882099359570695
IR;VLO;0.005790622127726723
L;TDY;0.005801634331222798
CSX;RVTY;0.005818607066281936
GE;INVH;0.005822066673320146
BKR;STZ;0.005830732941380637
KO;WAT;0.005850807074694906
ORCL;SLB;0.0058560366665269745
NTRS;NWS;0.005858180460183027
AES;GM;0.0058610372199605736
JKHY;MAS;0.005862325860834609
A;HUM;0.005862696820811581
EXPD;RJF;0.0058837517212458725
PAYC;XEL;0.0058888798092455365
CTAS;HST;0.0059027368589321515
GPN;PYPL;0.005905884573063045
RCL;WTW;0.005909327055304152
AEP;PKG;0.005914202823324
IVZ;LVS;0.005921222933653611
CSX;D;0.005931887406689333
LMT;NFLX;0.005934815880952462
AES;BRO;0.0059377245875105854
HUM;NVDA;0.005941182714434578
CRL;DXCM;0.0059568865635280825
EBAY;GD;0.005963371885964154
KKR;MAS;0.005966023038427731
LYV;META;0.005967971016122686
CSX;ITW;0.005969356093634784
DOV;LDOS;0.0059724241752225245
CRM;STZ;0.005996701123886009
DTE;XEL;0.006002776761002463
CSX;MOH;0.006010351254964779
CSX;MNST;0.006013753430477717
NUE;PPL;0.006015744131340682
FTV;MSCI;0.006017382793758171
EQR;TRGP;0.006024927704820375
CSX;MCD;0.0060277775828439665
FMC;GBPUSD=X;0.006029881696668709
EQR;WDAY;0.006030351016475382
AES;BRK-B;0.006036713151113203
BDX;MSI;0.00604109766732553
EMN;MCO;0.0060636253813624265
PNC;PSX;0.006065258081643972
CSX;TROW;0.006073103421225951
ROL;WDAY;0.006074278690116525
BXP;GWW;0.006077855792513153
CSX;EBAY;0.006081163016171859
CTAS;L;0.0060836914826982065
INVH;VLO;0.006092847735141749
ADP;JPM;0.006101865433927071
A;PLD;0.006108654512660855
CE;CNC;0.006111672930798823
ADP;DD;0.006114855926077386
CVS;EXC;0.006122021732738872
HWM;UHS;0.006124003145995832
C;META;0.006129128406814337
ECL;WAT;0.006136476467351614
AES;AJG;0.006146494567928317
AFL;SPGI;0.00615155838659577
IEX;STZ;0.006156452006335108
ROP;STZ;0.006157505197858794
DLR;MTD;0.006158617043507573
EMN;MNST;0.006193218073128065
AES;DD;0.00619638855027541
ADP;KKR;0.006199283147340716
ETR;MPWR;0.006209340377723873
AES;BLDR;0.006219210280802827
BR;INTU;0.006219486320352031
MCD;PAYC;0.006230062446758863
CSX;SYY;0.006232659646424817
AES;FICO;0.006239212464052668
L;MSFT;0.00624078550508297
CSX;KEY;0.006243105488522713
EXR;TEL;0.006253953969171228
CSX;PKG;0.006268580207993135
INTU;LIN;0.006271870867952709
INVH;VRSN;0.006272208256207336
CB;JNJ;0.006275656227396651
BA;C;0.006278170443389778
APTV;LMT;0.006287221350706116
EXR;NOC;0.00628993696359668
PAYC;TMO;0.0063027434210996105
CVS;FDS;0.006314424449074402
C;SPGI;0.006323008799862765
AES;MSI;0.006323783351110373
MHK;MPC;0.006325703175406944
AES;RMD;0.0063490407943042945
ACN;DOV;0.0063526390666824835
AEP;CPB;0.006354080859930734
A;ISRG;0.00635408628665303
AXP;L;0.0063596538791805
CDW;MHK;0.006362931878001094
TPL;UPS;0.006370783737614344
EMN;ICE;0.006375831338368944
CINF;USDCAD=X;0.006380605418066393
EXR;FICO;0.006384198289029702
MHK;NVR;0.006390301458811311
AES;CTAS;0.0063916159198027026
BIIB;VST;0.006399536104388822
L;MSCI;0.006405746010811358
KKR;LMT;0.0064086560255583154
AES;EMN;0.0064147473200790945
ARE;CAT;0.006417859254945631
GRMN;L;0.006422014140589777
DXCM;PPG;0.006424470225594725
FTNT;NTRS;0.006427562971759579
AOS;WEC;0.006429014284563264
CSX;FDX;0.006431687467893047
PAYC;ROP;0.006431873550825431
APA;ES;0.006441430637148318
INVH;MHK;0.006452835417611397
AXP;EXR;0.0064572285156671745
AES;TROW;0.006457293099756115
CRM;GE;0.006459011924831925
HSY;SMCI;0.006460264434823217
AAPL;LNT;0.006468200015565229
SPGI;UNH;0.006480642794196841
CDNS;TFX;0.006489809635693299
AES;BWA;0.006500059885411805
EXR;NSC;0.006502964571142036
FIS;HIG;0.006503048388807302
NI;TMO;0.006503230672265709
CSX;TRMB;0.00651097400930672
GDDY;WYNN;0.006521396899652632
BX;WDAY;0.006527123883512815
LVS;ZTS;0.006540197930189705
IR;URI;0.006543534042457331
HSY;PPG;0.0065504238686263155
STE;STT;0.00655230459788476
ALGN;MSFT;0.00655551047588184
CE;DXCM;0.00655746611688098
CVS;TXN;0.006566812322753427
CTSH;ROL;0.006570445957119482
BMY;CNC;0.0065747500608594935
MCHP;TRMB;0.006575615866089029
CVS;PEG;0.006584024594093695
MTD;WDAY;0.006586103396563879
ETR;SNPS;0.006601668935193024
DOV;LHX;0.0066121985276128056
CNC;EL;0.006613119867406868
DG;TXT;0.006613142828379848
FICO;GDDY;0.00661589570775898
AES;MTCH;0.006633500973254837
BAC;GL;0.006651966134080793
DLR;SLB;0.006674194685556967
BKR;PODD;0.0066815640105354806
LEN;TRV;0.0066898833387406065
ETR;FDX;0.0066936228106721455
SWKS;UDR;0.0066941524848843775
CI;TTWO;0.006697993587399805
CSX;EW;0.006698496211449669
JBHT;LYB;0.006699307057098486
AES;TRV;0.006702434995551679
BSX;DIS;0.006726012560885327
APD;INCY;0.0067298401605362665
CSX;MSI;0.006756543059567629
FICO;MHK;0.0067727551760296675
ABT;DXCM;0.006777121719994868
INCY;INTC;0.006783328322416627
BKR;C;0.006785363248049462
CNP;NFLX;0.006785376203237183
CPT;XYL;0.006788131744011194
CVS;LW;0.006789683196182567
AES;DLTR;0.006807995034662296
ROP;TECH;0.0068174991204341066
MPC;PHM;0.006818095138109342
DXCM;GM;0.006834638361293607
CNC;KKR;0.006839066677455825
APA;DUK;0.006840352005173031
EL;NOC;0.006840816882384306
INTU;TECH;0.0068503227623816325
AES;NDSN;0.0068507470111163525
AES;SWK;0.006865036099958019
MHK;PGR;0.006865312838966994
DXCM;EMN;0.006872991330143048
AES;LLY;0.006881214240426851
AVGO;LNT;0.006881564628485812
CDW;DD;0.00688564772661173
GLW;KMI;0.006887040000408082
AES;MPWR;0.00689368248253759
CRM;EXR;0.006893922970337497
CBOE;PSX;0.0068980837324368015
KKR;GBPUSD=X;0.006904918138853173
ESS;MOS;0.006907353107980048
GPN;KMI;0.006909639239109233
AVGO;CB;0.00692218525096305
META;TRMB;0.006924146978536626
CSX;CZR;0.006924492495511786
EMN;PODD;0.006926801160639217
AES;DOV;0.006930820224304156
AES;APD;0.00693489303053794
BIIB;DOC;0.006937343032118239
ARE;AVY;0.006938909725701904
ADBE;CRM;0.00693962047357201
CPT;FIS;0.0069420990893737915
CSX;TAP;0.006954887752255227
CNC;PLD;0.0069643605233615825
PYPL;XYL;0.006968232244420767
CMS;TMO;0.006969858218662721
DXCM;MSCI;0.006975797483176582
DLR;TRGP;0.006977818521399192
AES;EVRG;0.00698493053580431
GDDY;IEX;0.006989691520297325
CNP;CPB;0.006991978656766405
CRM;XYL;0.006993695725511294
MU;TAP;0.006997142756085951
EXC;PODD;0.007019574450518157
CSX;TMO;0.007028179250219729
AES;IRM;0.007031818673562364
AJG;CBOE;0.007043982869416238
APTV;GPN;0.007045316995063693
CDW;MPWR;0.007048643039398945
ADP;CE;0.007048665209226025
INVH;TXT;0.007052948751529185
CB;KMI;0.00705390098398867
HSY;POOL;0.007057897720315251
ADBE;CCI;0.007062180900270031
ADM;GDDY;0.0070650751500397745
AOS;DXCM;0.007065688855114319
CFG;FDS;0.007071111292854692
KKR;MA;0.007079423017606296
AES;CVX;0.007083344521286159
KEYS;NFLX;0.007095274122092241
OKE;AUDUSD=X;0.007098153869733135
CSX;GOOGL;0.007099166997152577
AIZ;SI=F;0.0071026061628671035
ARE;DECK;0.007109821138289846
AES;ON;0.0071100780369443735
TMO;ZBRA;0.007113751623715463
APH;CNC;0.007121805632717446
DECK;GOOG;0.007122153490337507
CVX;LYB;0.007124469469510964
DLR;EQR;0.00712982910780905
DXCM;FTV;0.007130560229966411
L;NTAP;0.007134291686956589
COR;MO;0.007148880258927199
GPN;HIG;0.0071513508581853655
INVH;ROK;0.0071527517729900745
CVS;INVH;0.007154243768987357
MSCI;UNH;0.007155932066870594
CVS;DG;0.00715783399791651
GDDY;MMM;0.007172270241598265
CDW;TFX;0.00718816060097523
A;IQV;0.007189568857134544
CSX;GOOG;0.007193746473992684
HSY;NDSN;0.0072082677562467145
ACGL;HRL;0.007211076356875033
AWK;WMT;0.007213045825353656
APA;CMS;0.0072208029500013945
ICE;SW;0.007230467944111413
DOV;PSX;0.007238673883621933
HST;PODD;0.007238972895776614
LIN;ZTS;0.007239662271715371
NEE;TECH;0.007239721515428916
EMN;PSX;0.007241206996280495
CBOE;CI;0.007243728333119567
DLR;ROL;0.007244472239345342
ANET;NVR;0.007251754776043453
CVS;ETR;0.007252564151345773
ALLE;NI;0.0072551355678672136
DHR;PAYX;0.007262060883444927
BDX;MSFT;0.0072644324236736816
BA;CNC;0.0072655980310659335
BR;EMN;0.007271802737965866
ALGN;CI;0.0072723123936794115
EPAM;LIN;0.007276758781902778
CSX;DG;0.007285376296837852
APTV;C;0.007285682274491407
L;LHX;0.007290814101199489
EXR;FTV;0.007294800514502275
TRGP;WDAY;0.0072973533762774375
APA;LNT;0.007302961455021387
BKR;KEYS;0.007309076440517008
L;NVR;0.007310712620423795
CSX;HLT;0.007318892838061545
SWKS;UHS;0.0073251705111659834
DE;DECK;0.007332792075770592
MNST;SBAC;0.007333259478722222
AES;MU;0.007337069644670864
NCLH;ORLY;0.007348225982976214
EIX;EXPE;0.007369131141776631
AES;REG;0.007376294790797542
INVH;SBAC;0.007380454196845617
AJG;TFX;0.007392901437891401
TMO;WDAY;0.007396567743685269
ADI;PFE;0.007412634951238915
KKR;WMT;0.0074190770114351
A;BMY;0.00742440386996814
AES;SYF;0.0074244348401811934
CSX;JKHY;0.007425198831342024
INVH;NOC;0.0074284737089963596
IEX;TECH;0.007428723299128507
AES;VST;0.007472925203200895
ADP;PODD;0.007476370512748656
MHK;VRSN;0.007476706889411491
CSX;BTC-USD;0.007481489876455843
ABBV;BWA;0.007492020163268535
SPG;TSCO;0.0074944605447187
ALLE;PNW;0.007507962413530109
AES;NWSA;0.0075175006826558
INVH;BTC-USD;0.007521519019137412
UHS;WBD;0.007526339154572908
AIZ;TPR;0.007542972929856678
ADM;MAS;0.007554415751940614
IQV;TAP;0.0075679141374437675
GPN;ISRG;0.007569333151329915
PKG;GBPUSD=X;0.007571942930842622
BF-B;GRMN;0.007573665485077931
INVH;MU;0.007573673402768785
LDOS;ROK;0.007575101179085894
NCLH;SJM;0.007580272075855409
CSX;EXR;0.007583306928898063
CMS;PLD;0.007588620473384188
EXR;MHK;0.007591308821496612
GPN;MNST;0.007595570172979927
TXN;VLO;0.007599588897378521
HWM;INCY;0.0075998137138636335
EPAM;EXR;0.007601033952210435
ALGN;BDX;0.007614958858945872
STZ;WYNN;0.007622005811140902
CTAS;LHX;0.007624924641791285
CVS;L;0.007632089302041225
AES;BIIB;0.00765473593672523
NXPI;ROL;0.007661502772480669
ALLE;GD;0.0076624160635182775
ARE;BR;0.007668929215058676
HWM;MGM;0.0076751846935029155
CRM;DXCM;0.007675971744287432
BAX;TRMB;0.007686439778755905
ADM;UDR;0.007695994868981158
HUBB;OXY;0.007700794470126968
KKR;LHX;0.007703215561113707
AVGO;ECL;0.007707257566389177
CSX;SHW;0.007711327580625095
BX;MTD;0.0077118726984445945
AES;SMCI;0.007716610355853926
AAPL;ES;0.007717344182272878
CNP;DXCM;0.007724127330604378
LYV;TRMB;0.007731922898814974
EQR;NI;0.007732061023622619
AES;MSFT;0.007736002530852756
NVR;VRSN;0.007742479449298064
CSX;INTU;0.007746698995225352
FICO;WMT;0.007748188479101444
ADP;PSX;0.007749269052496101
CSX;UDR;0.0077546908745390036
HUM;WYNN;0.007755436903992842
MSCI;TECH;0.007758895982513844
APA;XEL;0.007760681939592863
AES;FSLR;0.007766679717376298
AFL;EMN;0.007767516432752761
DXCM;SNPS;0.007769360763666931
DOC;GM;0.007775867871527658
SW;TRMB;0.007782568627191701
DELL;DXCM;0.007787098221088719
EMN;TAP;0.007793878932738729
CBOE;DOV;0.007807833133975102
INVH;JPM;0.00781469123178388
A;CNC;0.007816720544762259
NVR;STZ;0.00781941591233188
AVGO;BKR;0.007825320502577953
CSX;DRI;0.007829145453041099
DTE;ZBRA;0.007837740325632234
CBOE;INVH;0.00783790327234237
APTV;SW;0.007841186543688199
RCL;ROL;0.007842956863109015
NSC;PSX;0.00784574138335455
CVS;ROK;0.007850507182170096
AES;BTC-USD;0.00785074543500892
AEP;PAYC;0.007871505474647301
OKE;USDCAD=X;0.00787519921554048
MPWR;TAP;0.007876641543932028
UDR;WAT;0.007878203512841166
INVH;PYPL;0.007880816160191928
OKE;SBUX;0.007892454745471903
FIS;LYV;0.007903602472902746
AES;CBOE;0.007904371936032566
KKR;MMM;0.007937742014379162
CME;VLO;0.007943573962055443
KKR;NFLX;0.00794663185890915
INCY;TSN;0.007946923293224046
ALLE;CMS;0.007951794510268517
BKR;VRSN;0.007966869443980312
ROL;STE;0.007983855616634618
ITW;LW;0.007991042546092144
APO;SBAC;0.007995140793062119
HWM;PANW;0.008009503722921628
HD;LW;0.008010156875922806
CSX;LVS;0.008013309462920075
GLW;JKHY;0.008014069895554133
CSX;DE;0.008014397846063793
CE;PSX;0.00801748871316255
ALB;BMY;0.008020362885237145
HST;TFX;0.00802291765588186
EXR;ITW;0.008032301657083827
HPQ;IFF;0.00803517939725481
META;TECH;0.008036271625318068
BAX;ROL;0.008040252044226584
HST;TAP;0.008044818867911155
GPN;WEC;0.008050010916621678
INVH;NSC;0.008050691964464897
ADBE;FDX;0.008052240302180682
CCI;WYNN;0.00805711981378651
CRM;WMT;0.008074186018230626
AES;NVR;0.008074548605457577
ATO;RCL;0.008075433311939394
APD;GE;0.00810010804447891
AMD;QCOM;0.008101352715367913
ADM;JKHY;0.008101848222494516
A;KO;0.008103618817367826
DXCM;MCHP;0.008103798600992154
BKR;V;0.008105553066486406
KKR;MSFT;0.00812029475451494
CPT;HIG;0.008125741839201237
GPN;NOW;0.008128707022364356
FICO;NVR;0.008135560637435821
BIIB;JBHT;0.008148240334391448
CME;EXR;0.008163630809895451
EMN;HST;0.00816405081138635
CVS;MRK;0.008164224975129097
GE;PSX;0.008169483115212902
CMG;NRG;0.008178846105575593
AES;TFX;0.008186850340990195
CBOE;CNC;0.008187477024632663
HWM;USDCAD=X;0.008191246062352674
FRT;UDR;0.008192417032383055
L;MMM;0.00820002921560847
FTV;PLD;0.008221175184214597
ABT;TROW;0.00822400437035776
GLW;MAS;0.00823555439367677
DELL;GNRC;0.00823828532611635
DXCM;MCO;0.008242909601602828
PRU;STLD;0.008245700000512661
ED;WAT;0.008249677113271235
V;VRSN;0.008249921697926823
MSI;TAP;0.008255707869812258
L;MPWR;0.008257217862521036
ADM;RTX;0.008261186484868736
CRM;UNH;0.00826476189013963
NTRS;NWSA;0.008265204869987443
JNJ;SYK;0.008265413032555778
AVY;FICO;0.008269438007316207
XOM;ZTS;0.008269688972102944
CVS;PFG;0.00827049648551261
DXCM;ON;0.008285096047542366
ENPH;HUBB;0.008291925601457896
DD;MSCI;0.008296498643893497
AEP;TECH;0.008311498266947335
HWM;ORLY;0.008314234084316486
DOV;NOC;0.008315395065206233
CSX;MKC;0.008317886221921023
CTAS;WM;0.008323205764741994
CSX;NOC;0.00832782693489477
CDNS;CRM;0.008334709895003907
AMD;INCY;0.00833861558836383
HWM;TGT;0.008340689250774537
OXY;URI;0.008344355527199785
DXCM;MU;0.008362281597381005
CSX;ICE;0.008362551256617348
HWM;SI=F;0.008368898616031193
EIX;SYF;0.008369030109656419
AMZN;LIN;0.008372632575559322
CMS;MAS;0.008377978303360102
ACN;AVY;0.008380265893775047
BDX;MPWR;0.008389699161877174
AON;CRL;0.008390045104513237
KKR;V;0.008393251646051083
IVZ;SW;0.008398657349180574
AES;BLK;0.008400498966854736
DLR;RCL;0.008406582041954836
ARE;YUM;0.008414229039445588
HST;NTAP;0.008427226936719644
DLR;EQIX;0.008428654232079268
BRO;ROK;0.008432325100143103
AES;NWS;0.008439809721121896
DG;INCY;0.00844704864245435
ADM;SI=F;0.008455672693545151
CPT;TTWO;0.008456336700837919
AWK;CRM;0.008460753206038752
GPN;TTWO;0.008466414275157305
BWA;PODD;0.008468908990111405
BWA;CE;0.008482682792659348
CNC;CPB;0.008487500629583838
FAST;IR;0.008493239514373087
AJG;LHX;0.008498239943823893
AZO;SNA;0.008501116307546797
DTE;TMO;0.008501530352563383
DECK;GDDY;0.008505701359350628
AEP;CTAS;0.008511127130820157
ED;KMI;0.0085154264477597
CBOE;TROW;0.008540452624893004
TDG;WEC;0.00856655505214314
AES;EPAM;0.008577883801510887
MTD;TMO;0.008580609708393513
BKR;SBAC;0.00859941733589119
DVA;NUE;0.008600382737408215
INVH;NRG;0.008602228068138889
HLT;MPC;0.008612283745084283
AVGO;WAT;0.008617187042564624
AFL;STZ;0.008620455409961883
CSX;LDOS;0.008621691239158704
CSX;LKQ;0.008625314231603051
MA;VRSN;0.00863378190100418
CSX;GD;0.008636897559841535
AEP;HUM;0.00864735573655401
ARE;ZTS;0.008651162425003701
AMGN;CINF;0.008652932034908455
NUE;WFC;0.008660249378820905
AES;CRM;0.008660853798369497
AME;IR;0.008666698414955609
SRE;GBPUSD=X;0.008674249479709975
ARE;MSFT;0.008678450768904217
L;MHK;0.008688143467291737
BKR;XYL;0.008692021186662213
EMR;TDY;0.00870922187253496
AES;QCOM;0.008712518826418837
AES;EL;0.008714382498449913
AES;ALGN;0.008719033124807825
BKR;MSCI;0.008723300120677274
FTV;MA;0.008723988950293233
L;TRV;0.008725449532841654
AES;VRSN;0.008741618624790629
CSX;PEP;0.008748531197289647
DXCM;IQV;0.008756792971814975
L;TSN;0.008758106684631556
GDDY;PGR;0.00876280204203409
CPT;META;0.008778392322224693
AES;CZR;0.00878294062801923
HSY;LII;0.008788911897814614
NI;PKG;0.008794977578823299
KKR;TEL;0.008795278756758337
L;NRG;0.008801513255723675
AES;DG;0.008813420402594167
INVH;TEL;0.008815533000030391
ADSK;CTSH;0.008833637326492073
RMD;UNH;0.008833661290298592
DXCM;WTW;0.008836729141688029
LMT;MSCI;0.00883807327463205
AVGO;WEC;0.008840039052469148
ADBE;FICO;0.00884465627943903
LNT;TECH;0.0088476279721651
CMS;MTD;0.008848488771389237
BA;EMN;0.008856220626974658
RVTY;TAP;0.008859209669585474
L;LDOS;0.00886532605334654
TDG;TECH;0.008873746456930232
ELV;WMT;0.00887875853445914
NUE;SNA;0.008879135143544305
HWM;VST;0.008893257714016214
EXR;PEG;0.00890212802086645
BG;INCY;0.008902351898173753
IR;J;0.008906237356448339
DHI;VLO;0.008910115349087148
HUBB;J;0.008927715421926446
CMI;DXCM;0.00892877451895644
ADM;YUM;0.008932643667520048
INVH;URI;0.008951706710957949
AWK;CZR;0.00895542206729483
CSX;IFF;0.008961881722883777
AES;KHC;0.008979435137017764
KKR;MTCH;0.008989511485714188
CVS;WMT;0.008997818062668202
CSX;ROL;0.008999560638491578
AJG;MU;0.009004020642585547
SWKS;WDC;0.009016886360437907
CCL;IT;0.009022171171579054
L;MCO;0.009028330683269744
AES;CAT;0.009047831394479278
NOC;V;0.00905294362310373
MCD;TRMB;0.009053511128990374
CDNS;SNPS;0.009054763495356907
GLW;MMM;0.009064713907183079
CRM;INCY;0.00907157602054177
CSX;GDDY;0.009085004365066256
APTV;CPB;0.009089053870120335
TMO;WTW;0.009089605084818535
APO;FMC;0.00909244324444727
AES;MHK;0.009094246774571619
KKR;SPGI;0.00909935146954095
HON;KKR;0.009100453934232188
CSX;JNJ;0.009100571268596301
ABT;BWA;0.009114126260753941
LW;MPC;0.009114997117594992
EBAY;FIS;0.009118466670927102
INVH;LMT;0.00912769889028019
HWM;NVDA;0.00912829517766887
CSX;WMT;0.009128877402248884
FICO;MNST;0.009131148878179809
AMD;SYY;0.00913238062501743
DXCM;PNR;0.009134931482777222
AES;MCO;0.00913526349463657
CVS;EXR;0.009146283430567037
ADP;AVY;0.009163996635017687
BWA;DD;0.009169967353869386
CTAS;MU;0.009175213751180305
EXPD;EXR;0.009180446040939032
GOOG;MMM;0.009184554026410665
HWM;IBM;0.009193276180762343
NI;SLB;0.009197702224106695
HWM;MOH;0.009206773515309455
AES;DPZ;0.009207905745823718
HST;KKR;0.00921354307834879
MCHP;WTW;0.009227985366107581
ADI;DXCM;0.009230355425143943
BMY;CE;0.009232013413103859
BMY;CPB;0.009237979795819962
KEY;STLD;0.00923858522437454
DXCM;FICO;0.009240983857619416
SWKS;WMB;0.009244513146204145
J;PAYX;0.009248883041130227
ARE;FDX;0.009270726826662102
DE;NWSA;0.009279452710968927
AES;UNH;0.009284096734381695
IR;MTCH;0.009291307560318188
ARE;CI;0.009299364261041429
HSIC;OXY;0.009304906992176955
AVY;GE;0.009308021783248731
CTAS;KKR;0.009309995702710027
AWK;MHK;0.009319773580829938
IRM;UAL;0.009322216141173737
ADM;GLW;0.009333419989295079
EMN;GE;0.00933481783263563
AME;TECH;0.009337533863459504
KMI;ROP;0.009342202524170274
CCI;SBAC;0.009342658463512819
CVX;DOC;0.009355255272871189
DLR;STE;0.009356036700281964
ALLE;EQIX;0.009356408356422291
DXCM;TER;0.009366455746685083
META;MNST;0.009370636313456946
GLW;TAP;0.009375743371596851
PH;TXN;0.009379354520121138
RCL;XEL;0.009380039214548738
CSX;FSLR;0.00938490553039756
TT;WMB;0.00938987073512428
AES;BR;0.009392014603334104
HWM;TRGP;0.009394135168673393
CSX;UNH;0.009397432142956753
EXPD;HST;0.009401981438223145
DXCM;ISRG;0.009406451807400544
CDW;PFG;0.00940901487646116
CNC;HON;0.00941615288934531
CINF;LH;0.009418276771885186
HWM;OMC;0.009423398337389215
ROL;TRMB;0.009428155638634923
AES;BKR;0.00943310219544937
TRMB;WDAY;0.0094345098802189
CSX;YUM;0.009440641198297293
FE;PFE;0.009443079339559703
CSX;MTD;0.009445496914794564
CHRW;IR;0.009447457743852371
EQIX;KMI;0.009448932634860243
BAC;HST;0.009452566131817615
AES;PTC;0.009459894245662799
AES;MNST;0.009464408798840335
EL;INVH;0.009467155689471343
STZ;VRSN;0.009477856685319848
CE;EMN;0.009490341921188224
CSX;TXT;0.009493444581978951
INCY;ODFL;0.009496876566530558
HIG;STT;0.009512960578044828
CMS;EQIX;0.00951517452423615
CPT;STT;0.00952444718242217
ADBE;ALGN;0.009526999098405481
HST;TER;0.009530560743907162
SPGI;TDG;0.009532859986447487
HWM;MSI;0.009533798938400144
WAT;ZBRA;0.009534019058912577
DTE;TECH;0.009538743174598983
CPB;CRL;0.00954476376021556
A;FTV;0.009546910418368654
DLR;ESS;0.009553768576393158
DUK;PKG;0.009569680112818496
L;LW;0.00957901043440733
ADP;PH;0.009581927701185426
C;MSCI;0.009589730551851668
CSX;GLW;0.009596678981109323
EXPD;JPM;0.00959939939540396
EMN;SWK;0.00961054220718929
ALL;ELV;0.009611310059690067
CSX;ODFL;0.00961405914626016
ARE;ITW;0.009644939457798372
CFG;STLD;0.009646279516831745
NCLH;UDR;0.009646846554827835
AMD;INVH;0.00966467970403171
CVS;PAYX;0.009665587117254893
DECK;GOOGL;0.009678425766548844
TAP;XYL;0.009678974699835493
PODD;PSX;0.009684229893653761
ED;SBAC;0.009686263509323716
FRT;SNA;0.009703557819444415
GE;TEL;0.009705444378065408
ALGN;NVR;0.009717924101140108
CRM;LDOS;0.009731734462458539
AEE;OMC;0.00973323068901511
EXC;L;0.009760275148643112
SNPS;WEC;0.009762802300618689
AES;SNPS;0.009785784224085459
CPT;LYV;0.00979878127237819
DPZ;HAS;0.009799637883870517
AES;OMC;0.009803415089580499
ADP;XYL;0.009805124452354319
CSX;XYL;0.009807929935929794
ALLE;BMY;0.009813117636004209
ADP;MSFT;0.009814068607136276
GPN;GBPUSD=X;0.009815652792050846
CB;ZBRA;0.009818086198683431
FICO;L;0.009827180067761117
CRM;INVH;0.009832749971257798
AES;NDAQ;0.009834809464259438
HWM;PLD;0.009838340156041618
ALL;BDX;0.009846353842217322
ENPH;PCG;0.00985335412442914
CVS;MU;0.009860353654936704
AES;ITW;0.009864837092665574
CSX;STT;0.009868630680325152
AES;XYL;0.009868963758057271
AFL;XYL;0.009877729212212636
APO;KO;0.009881862968406178
IEX;SPGI;0.009884007686717941
AVGO;MSI;0.009888459264817993
BR;MNST;0.009892169675819905
ODFL;PODD;0.009900062250838981
AES;INVH;0.009902356448482683
LII;NTRS;0.009902533873441026
NCLH;EURUSD=X;0.009902975647471732
CINF;NCLH;0.009912425825219937
CVS;LII;0.009913004037610154
AES;LKQ;0.009914974844045805
HON;UNH;0.009915962867909224
AES;LW;0.009943529159108094
ADM;CSGP;0.009946805261086867
LEN;LW;0.009951477770418797
FDS;OXY;0.009963355105950181
CDW;HST;0.009963956014660746
GPN;TAP;0.009968726372411564
CSX;LW;0.009973770161863885
SBAC;TECH;0.009975742936101822
MPC;MSFT;0.009978360653512559
BRO;PSX;0.009979854059811331
MSCI;PYPL;0.009985015699014783
AES;TPL;0.009987533299061683
PTC;SMCI;0.00999333723418423
CSX;ROP;0.009993405561205608
ARE;L;0.010004760737850418
GE;PODD;0.010011313440362785
ABBV;MU;0.01001208351296958
KR;ORCL;0.010025539180600923
L;ON;0.010033742688990429
ADM;DECK;0.010038203925499763
KKR;TXN;0.010039813023657832
MS;PSX;0.010040480993608802
CSX;STLD;0.010040809867426195
NCLH;STX;0.010044361603791302
CCL;ORCL;0.010047919530909596
META;WEC;0.010050248671590893
CSX;KLAC;0.010051556291517005
ALL;ANET;0.01005413222610623
AES;XOM;0.010054579866611279
EXR;TROW;0.010065817758793736
AES;NOC;0.01007679632053122
HWM;T;0.010081411136113137
AES;BA;0.010091487660919213
L;VLO;0.01009256829787011
STLD;BTC-USD;0.010098041680629093
BKR;CCI;0.0101075265494861
AVY;CNC;0.010115250331714684
CZR;EXR;0.010117310754102491
HST;NSC;0.010121935902064533
AES;CI;0.01012303373387429
AVGO;NI;0.010125325707958032
BXP;ESS;0.010135906239985983
MGM;UDR;0.010143854283724187
CVS;STLD;0.010147966326378006
CSX;ED;0.010165114561070937
BLK;EMN;0.0101677342948837
AVGO;MCD;0.010169435571531167
AJG;AWK;0.010176183334883356
EXR;BTC-USD;0.010178686522434048
EXR;FSLR;0.010180644809366566
HWM;IP;0.010182585130962754
DHR;EXR;0.010184569798076025
RCL;STE;0.010184695442711791
RCL;TDG;0.01018557666264665
DTE;RCL;0.010197420749290444
IQV;WEC;0.010198688102738048
AES;BMY;0.010204000281941013
HWM;SBUX;0.01020570740826705
ECL;IT;0.010213022763457992
CRL;LYV;0.010213778183353592
CPT;GPN;0.01021576765746922
ETN;PNW;0.01022210567051921
EPAM;TRV;0.010223276941709509
IQV;TTWO;0.010240916755435984
GE;TROW;0.010253231766033391
EXR;UNH;0.010256674317173123
L;VRSN;0.010264507209416237
HUM;PNW;0.010271584670200418
ADP;MS;0.010278033204146232
HWM;ULTA;0.010278356543285157
LNT;SNPS;0.010279633900164852
AME;KKR;0.010281009328682549
ADM;KMI;0.010284714794863998
L;SNPS;0.01029076050360848
AES;DELL;0.010294344137478529
CMS;JNJ;0.010296926614570778
EMN;MSFT;0.010316971074822398
ROK;TAP;0.01032289940775036
MSCI;PSX;0.010330857564399673
AJG;MSCI;0.010334010939575717
CVS;GE;0.010336980260729954
HWM;STE;0.010343440394803047
CVS;PH;0.010347110205699195
ATO;META;0.010351786600406896
BDX;UNH;0.010352138334421744
AES;TER;0.01035650346484833
CVS;TSN;0.010362335540334867
ADP;LHX;0.010364230866661701
AES;LII;0.01036740202508033
MPC;PH;0.010384457363887779
ED;TECH;0.010385748872900573
L;PYPL;0.010388169310782671
AVY;NOC;0.01038994910278835
CRM;MMM;0.010393570820022275
AFL;LMT;0.010395713350461949
HWM;SJM;0.010402619693008314
AES;C;0.01041592908455516
AES;MMM;0.010416659893378104
PTC;TRV;0.01043124733175447
CSX;STE;0.010431453556448969
ALLE;ZBRA;0.010435504305002868
CTAS;DOV;0.01044001607444732
AES;EMR;0.010440683424953377
NI;ZBRA;0.01044941441100255
AES;SHW;0.010456422883020369
CPRT;HST;0.010459877080339998
BKNG;SPG;0.010461987320100861
GLW;GOOG;0.010479300487422521
PKG;STE;0.01048887880342974
AES;APH;0.010503117535749767
AES;USB;0.010508033290703286
PAYC;GBPUSD=X;0.010535891421197445
ADSK;AON;0.010536074817995726
CBRE;BTC-USD;0.010540141480627293
MSFT;UNH;0.010542288582093723
AXP;HST;0.010542658922532429
AAPL;D;0.010545895492350934
FIS;TECH;0.010549823857803085
SBUX;AUDUSD=X;0.010551265242098202
HWM;EURUSD=X;0.010555101808456667
MNST;PYPL;0.010556634270073483
APO;DXCM;0.010560858749204701
DLR;IBM;0.010562594297758526
EQIX;GPN;0.010566296974156678
EQIX;ZBRA;0.010570220980417797
CVS;EPAM;0.010576802271716612
MA;UNH;0.010582492831673448
CI;MSCI;0.01058277068942995
CCL;NI;0.0105847273214979
CSX;PLD;0.010587701256098762
BAX;CTSH;0.010598212360334248
OXY;PCG;0.01059977646109958
AMZN;EXR;0.010603243820327827
D;LW;0.010604372935215819
KKR;TDY;0.010621555830071848
AAPL;WEC;0.01062588998571983
KO;META;0.010629618842538864
DVN;REGN;0.010637021674665919
CSX;SBAC;0.010637537996535619
CSX;JPM;0.010644533549992587
AFL;GDDY;0.010678044251207646
KKR;ROP;0.010698296207721492
CVS;HUBB;0.010703387944121708
CL;IDXX;0.010709471973465355
CVS;PPG;0.010713521962699242
CI;L;0.010713877692157482
CDW;JNJ;0.010719940816578013
L;V;0.010721455009487284
DUK;RVTY;0.010729488387360969
CDW;LNT;0.010733273703858673
EXR;SHW;0.010736646914899872
AES;ALL;0.010742252454030458
HWM;XYL;0.01074553759484463
AES;PYPL;0.010749342584078971
AES;HPQ;0.010753298450041443
APA;PNW;0.010754476765880145
CI;DXCM;0.010777525999451124
BKR;MSFT;0.010779533675748635
ESS;IBM;0.010786103483776418
AES;ELV;0.010788562172257866
EMN;TECH;0.010788692321056155
AMZN;L;0.01079234165731616
PSA;SI=F;0.01080087096250081
IP;TAP;0.010803559436460315
DLR;UHS;0.010807728725269344
EQIX;TRMB;0.01084570273364384
BLK;EL;0.01085099414086324
BG;INVH;0.010852537885545696
IR;TXN;0.01085809657117118
C;NOW;0.010867337885432682
AES;V;0.010868045179013092
DLR;GD;0.010879565062413898
EMN;STZ;0.010884804169998503
AES;MSCI;0.010887299226544146
BMY;EXC;0.010888437021229977
APH;NOC;0.01089796332412125
DECK;JKHY;0.01089970127694205
SCHW;STLD;0.010912752316206297
AVGO;RCL;0.010928500423285716
FICO;TRV;0.01093352311844373
BAC;CPRT;0.01093422314931671
NFLX;GBPUSD=X;0.010939350759470568
AMD;COST;0.010941490056154335
CE;TROW;0.010943176410922253
EMR;URI;0.010949318542282455
AES;UNP;0.010969082068821722
INVH;PGR;0.010972343196808614
AES;WMT;0.010973062453260444
AES;ETR;0.011004408855487235
GPN;IEX;0.011005509037342707
MHK;WMT;0.01100961573443928
HWM;MNST;0.011017650078232072
PAYC;RCL;0.011019088565352731
HWM;KMX;0.01102059191182353
ANET;HON;0.01104406023346043
AEP;AVGO;0.011048585954142312
AES;MA;0.01105248162105691
MCHP;RCL;0.011057761330260709
KMI;SBAC;0.011059345889242069
MSCI;TROW;0.011064692962642807
CSX;DTE;0.011064940649916257
EXR;MAR;0.011066898257672694
HST;LIN;0.011077557205053148
INVH;LW;0.01108440560738244
AES;AMZN;0.011094657389738409
BKR;TDG;0.011095479830684573
APD;LKQ;0.01110463118239649
AMZN;DECK;0.011111471270912936
BX;DXCM;0.01112490716955746
MNST;MSFT;0.011125406824292713
EMN;MSCI;0.011128606834231914
CBRE;CTAS;0.011134493518844133
BMY;SNPS;0.011137660550210256
AES;ANET;0.011150729810492959
EBAY;PAYC;0.01116777142918834
NFLX;TAP;0.011173899857413619
AEP;STZ;0.01117544474175367
FTNT;STLD;0.01117550760301343
AES;PGR;0.011182732594644952
APTV;IEX;0.011183300819565605
HWM;TROW;0.011188068145028885
NEE;TRMB;0.011197010664256105
ADBE;CDW;0.011206934451577114
PSA;TRGP;0.011207753649699826
CBOE;MNST;0.011208950822273632
CSX;HD;0.011210179234295499
BKR;GPN;0.011215065721382976
HWM;YUM;0.011229658675358228
HWM;TDG;0.011236894507825458
HWM;UDR;0.011240935996968548
AES;IFF;0.011249511713652098
SW;XYL;0.011256083243859094
ADP;LDOS;0.011256291957902004
AES;CDNS;0.011258623508746846
KKR;VRSN;0.01125969266792659
KO;TMO;0.011264122817312669
DTE;KMI;0.011264180039493319
INTU;MNST;0.011269734329474219
CSX;MSFT;0.011274978008955761
CPB;PLD;0.01127508292321166
CI;PSX;0.011277805837269604
ALGN;BKR;0.011284464724630483
HUM;TRMB;0.011287604369078712
CSX;FITB;0.011289530841261967
CSX;HON;0.011307292630600995
LKQ;ODFL;0.011307708547174227
HWM;STT;0.0113211545918672
CSX;KHC;0.011322633167671415
UPS;XYL;0.011322901823460753
AES;MTB;0.011325008472164732
CTAS;ROK;0.011326580140220867
EXR;HON;0.011339244137416661
AES;IQV;0.011348761490660135
APA;RCL;0.011354643589623513
CVS;RF;0.011356662199723457
AIZ;O;0.011362413163164178
FIS;STT;0.01136469645420529
HWM;PYPL;0.011368777956883139
AJG;ROK;0.011370004694454067
CCI;CMS;0.011394481237095615
AES;PPG;0.011407276291406818
CNC;TTWO;0.011409980024550523
CSX;CTAS;0.011412807831614063
CSX;CVX;0.011420000524544003
CSX;PFG;0.011421658592192062
HWM;LKQ;0.011426190343243315
CBRE;MPC;0.011432254023310903
CL;MKC;0.011438216537308036
EXR;PPG;0.011446549588915849
AES;GLW;0.01144742284804809
NOW;XYL;0.01144958511806133
CPT;NVDA;0.011461909090312642
CBRE;HST;0.011467775328336233
PAYC;WTW;0.011468288298620883
INVH;TFX;0.011473514566559153
CNC;GBPUSD=X;0.011474111999306194
ACN;LDOS;0.01149599992433644
APD;CAT;0.01150376635870293
ATO;BKR;0.011507848463399646
HWM;NRG;0.011507944012993574
HCA;KDP;0.01151522804123948
AES;LH;0.011518192193498358
INCY;LKQ;0.011519159018061324
ADBE;SWK;0.011525287574047353
CSX;MCK;0.011525973980900309
AVGO;TECH;0.011529731046514115
APH;LDOS;0.011529814976714608
HWM;IQV;0.011530316062005289
GD;TMO;0.011542649346545041
CMS;VRTX;0.011543949856441173
GLW;GOOGL;0.011544552955931061
AES;UPS;0.011545612686514602
KO;MCD;0.011553106496672072
CRM;LIN;0.011558508793452466
CSX;WM;0.01156117814141906
HWM;ZTS;0.011576457708084383
D;WMT;0.011585629080700837
INVH;WBD;0.01158836687321841
CSX;J;0.011590926603389104
AES;WEC;0.011618995191990404
EMN;PGR;0.011621986930286026
CSX;WYNN;0.011629159711562982
KKR;WM;0.011654593861283875
AES;CDW;0.011654674579653053
BAC;NTAP;0.011654745997926937
CPT;PLD;0.011656459293210368
CVS;NWSA;0.011656862217695891
NSC;TROW;0.011667411003438788
ABBV;HST;0.01168876872977916
ADBE;BKR;0.011710784005237116
BX;KO;0.011712115347538883
CVS;DLTR;0.011712623472831205
LNT;MPWR;0.011713428153655229
AES;AFL;0.01171824359827445
AES;HON;0.011719012443987863
CSX;MTCH;0.011731994904455244
CI;IEX;0.011732244939610791
HWM;UAL;0.011736514719982332
AES;NSC;0.011741766123483642
APA;NCLH;0.011769198872678532
MA;TTWO;0.011770024851417763
KO;TRMB;0.011773063220616435
MOS;TSLA;0.011775095399712833
HUM;LMT;0.011777680022402877
AES;DE;0.011780482892698889
BDX;UPS;0.011784893932877375
CNP;MCHP;0.011785023270915549
MCO;MNST;0.011786096763237077
HWM;KEYS;0.011789881001260017
CNC;LDOS;0.011798907793726596
AES;NTRS;0.011805299681696985
NCLH;TRGP;0.011812800935659963
HWM;WBD;0.01181365905935036
AMZN;PFG;0.011814607302399348
HWM;REG;0.011819770743768965
HWM;TPL;0.011822397138898115
AMP;PSX;0.01183072831630064
FTNT;LII;0.011867046613694763
HWM;TAP;0.011867184817419999
CNC;NOW;0.011869919212854718
ECL;JNJ;0.011871419142113005
CRM;MSCI;0.011874913542327373
CRM;FICO;0.011878320270972834
AES;ALB;0.011885422992208983
APD;IR;0.01188732511425312
FIS;TDG;0.011888952965640479
CRM;MHK;0.011889618223753442
ADP;NOC;0.011891551142892264
CSX;TRGP;0.011916816225848588
AES;ICE;0.01194614727633883
AMZN;TRV;0.01195549134758058
CBRE;PEG;0.011960907739733573
HWM;ICE;0.0119786385799224
NOW;TRMB;0.012004950932859726
CB;PAYC;0.012016989070535397
ADBE;NOC;0.012017369206263472
APTV;TTWO;0.012027778080002794
CDW;MU;0.012029207363643853
AME;EXR;0.012034287834517493
PSA;VTR;0.012039001436351551
ADM;ELV;0.01203967321693428
AES;LDOS;0.012044131009682801
CSX;SCHW;0.012045166892778583
BG;IR;0.012047200841423364
AVGO;DXCM;0.012047709048855024
L;MTCH;0.012047911771110403
HWM;WTW;0.012050085885553492
INCY;TXT;0.012052162055150407
AFL;BA;0.01205637835348222
IEX;PLD;0.012061237775885187
ABT;BMY;0.0120633696927648
BDX;CMI;0.012065299494566306
AES;MAR;0.012067755339244368
DOV;MTCH;0.012071668644294256
IP;NVDA;0.012084697763938966
AEP;AOS;0.012088816539492692
CSX;PYPL;0.01209347553123015
O;PWR;0.012100923838096259
HWM;IEX;0.012101966767052651
ALL;MPC;0.012103952203480841
KKR;NTRS;0.01211115693563257
ADSK;UDR;0.012112169839656423
CVS;PCG;0.012117376757657271
DOV;KKR;0.012117590382978332
AES;FTV;0.01212337183958344
ATO;RVTY;0.012144827898509916
CNC;EXR;0.012154358862417457
AES;HD;0.012159022400512141
IP;PKG;0.012165251747264455
AMGN;FE;0.012165467469387783
HWM;PODD;0.012172309646620279
LVS;WYNN;0.012175572887941374
EMR;INTC;0.01217678947172363
INTU;IR;0.01218476995865278
ICE;SPGI;0.012203124339638285
CBRE;L;0.012204117346285705
APA;KO;0.012204313468209358
HWM;WEC;0.012210812691046725
CTSH;TMO;0.012230978355006994
CDNS;WEC;0.01223653971855119
DLR;EA;0.012248236281626818
GPN;EURUSD=X;0.012262028341435785
MSI;UNH;0.012265016664639333
ROK;TROW;0.012267371959984381
EMN;KKR;0.01228604795182922
ADM;NTRS;0.01229910273645458
LNT;LRCX;0.012307591333084582
AES;WBD;0.01230941521595224
L;SHW;0.012310867243722335
L;TFX;0.012315363009531712
PKG;TMO;0.012316102921667236
ADBE;ROP;0.012317619567743692
KEYS;OMC;0.012321549231367412
CSX;ZBRA;0.012333568522564597
AMZN;NWSA;0.01233583586093743
HWM;TJX;0.012336402717483281
CVS;MET;0.012336792971407762
CSX;GNRC;0.012342055934273143
AVGO;JNJ;0.012350949229203172
CPRT;IR;0.012353404784829514
WY;BTC-USD;0.012362891685188945
AME;MNST;0.012364504775089234
HWM;KR;0.01237370105558718
CVS;VLO;0.012379181113541452
DD;PFE;0.012401121469808053
EMN;RMD;0.012401901961977742
AES;FDX;0.012402061423996124
CNC;CTAS;0.012402074405276086
ADM;MSI;0.012407533754799254
HWM;KMI;0.012417159093519486
COP;ENPH;0.01241875979031821
DUK;PAYC;0.012439251134014541
HON;STZ;0.01243973947349839
WDAY;GBPUSD=X;0.012442119700339769
HWM;VTR;0.012446701092368857
BKR;CB;0.012449412662684203
AMZN;LVS;0.012463471306466694
ES;WAT;0.012466128221238302
CI;INTU;0.012467305349773047
KKR;ZTS;0.012472977630464052
CSX;SW;0.012474018211294449
L;MNST;0.012481470192346557
AVGO;BAX;0.012482295008655619
CNP;UHS;0.012482856097902098
GLW;SHW;0.012486869329958817
L;ROK;0.01251021476878876
MHK;MSFT;0.01251226294349857
ALGN;MSCI;0.012517995845519544
DECK;EPAM;0.012533526182818248
HUM;NFLX;0.012534369201186862
ACN;GE;0.012534556567475935
HWM;ODFL;0.012545004154568804
CPB;EBAY;0.012545553709368187
HWM;NDAQ;0.012552044827280572
ADSK;NI;0.012569063044888862
CSX;GRMN;0.012573693755098233
HWM;PSA;0.012578833208950164
GPN;TMO;0.012582226517316747
HWM;KO;0.012582912648470324
EQT;HSY;0.012619546345280114
DXCM;TRMB;0.012622770223115492
MSCI;WEC;0.01263091755947138
BKR;TRV;0.012633492998099398
CSX;RJF;0.012635151009900727
DD;KKR;0.012643314838712748
ADM;LIN;0.012646737511837992
CFG;PCG;0.012667611212955097
CSX;PAYX;0.01266935016202988
ADM;TDG;0.012673736369465453
HWM;ROST;0.012678108345012432
ADBE;DXCM;0.012682207006644533
HWM;MPWR;0.012689514904542901
HWM;TSN;0.012696123738018391
ADM;ARE;0.012699172566761115
AAPL;SPGI;0.012716920934989474
PSA;STX;0.012717622820982415
BAX;ZBRA;0.012719394610942543
APA;DTE;0.012720733594786298
ADI;DD;0.012723021163064875
ISRG;WEC;0.012727828252229173
HWM;MET;0.012730633717777683
GOOGL;LIN;0.01273371730087281
AES;BF-B;0.012756697682007523
DLR;TRMB;0.012757105061769344
AFL;NVR;0.012761381858961742
HWM;NUE;0.012762489795078175
AES;EXPE;0.012764666904128518
KO;STE;0.012776525099577107
AOS;CNC;0.012777643630758263
HWM;MA;0.012779292752262994
BWA;NOC;0.012788059742307518
EMN;PYPL;0.012793022332147966
HWM;LYV;0.01282702165497948
CSX;DLTR;0.012828625128620662
INVH;TECH;0.012829336029919905
HWM;TECH;0.01282991915216823
HWM;UNH;0.012844079046578609
ENPH;FDS;0.012855796817911123
HWM;WMB;0.012862046672274372
AFL;MHK;0.012863372157476774
APTV;ROL;0.012867122262628662
JNJ;PAYC;0.012870053087716514
CVS;ELV;0.012870915250138334
CSX;SPGI;0.012871574219479069
EBAY;TMO;0.012891538229444504
DD;EXR;0.012895386682723296
SW;ZTS;0.012897620467180999
AMD;PCG;0.012899181132409777
ODFL;PSX;0.012909478429232065
A;CPB;0.012916606265115201
AME;IEX;0.012921083324617227
AES;ARE;0.012922094963728639
CSX;MS;0.012928593675994691
FICO;TECH;0.012933825779873185
DUK;ZBRA;0.012936735091867928
DTE;WAT;0.01294002628056442
CVS;NWS;0.012942664162694168
CBRE;FICO;0.012943702273860842
DE;EXR;0.012951299698777195
AVGO;STZ;0.01295251196710857
EQT;HCA;0.012955133596001662
HWM;TTWO;0.012967524006115198
CSX;PAYC;0.012968079703767878
AFL;BKR;0.012981357702508104
DXCM;PTC;0.012986862080459948
CSX;MET;0.012989498951248105
AES;SYK;0.012998050880808985
AES;INCY;0.01299844755651049
ARE;EPAM;0.013005743065245056
SWKS;WTW;0.0130207869275452
DUK;LVS;0.013031658778044828
HWM;MSFT;0.013032563512441222
AES;WRB;0.013037112461085982
AWK;NVR;0.01304508408894452
ADP;WM;0.013051924911784297
HWM;SNA;0.013052331441703896
LNT;RCL;0.013064600024608358
HWM;STZ;0.013064884476028474
HWM;MOS;0.013079124349605164
GPN;YUM;0.013080666407093015
XOM;XYL;0.01308382127909225
AES;OKE;0.013084681577255943
CFG;HUBB;0.013097448047941508
EXPE;FAST;0.013097991283795586
AES;FCX;0.013099064114703875
KKR;ODFL;0.013099791981045456
HWM;VRSN;0.013109399987166353
META;TDG;0.013111857003279884
BKR;PLD;0.01311363265542116
AES;KKR;0.013118857855671262
ANET;CRM;0.013120017659225111
GPN;XYL;0.013120213406490954
AXP;EMN;0.013132745627680466
HWM;LIN;0.01315275265227926
INCY;TXN;0.013156449975366474
HWM;LVS;0.013157564533883809
AES;LIN;0.013159379006756526
BMY;TFX;0.013170273597872368
CVS;MPC;0.01317097901264252
AES;GDDY;0.013178990407713299
EBAY;IVZ;0.013187632691730553
JKHY;TRV;0.01320796256631326
DG;PNC;0.013218694631924642
EQR;HAL;0.013227032104612707
BDX;EMN;0.01323540836356983
AES;HIG;0.013249561711659596
AVGO;UDR;0.0132609105223777
NOW;TAP;0.013276304754192872
RVTY;SYK;0.013282241977078921
AES;TTWO;0.013285930111327898
TRMB;GBPUSD=X;0.01329044423410878
UNH;V;0.013298789434252655
AES;JKHY;0.01330160768760173
CSX;ISRG;0.01331442916963971
BKR;LNT;0.013322867573098645
ADM;TRV;0.013323456745031149
AOS;KMI;0.013327212916239542
AWK;LW;0.013327430594945797
KKR;MCO;0.013329673002105412
EBAY;SW;0.013330073018730125
AES;MLM;0.013343585834951353
AKAM;GWW;0.013343754773562097
KO;NI;0.013348178277751383
MNST;TECH;0.013352638199561548
HWM;JKHY;0.013364587544672535
APTV;BMY;0.01336703621444599
HWM;VRSK;0.01338244286966898
MPWR;ROK;0.013385874481106428
ARE;WMT;0.013386261641180263
CSX;ES;0.013405177837649052
ETR;FTV;0.013405536854344941
FIS;META;0.013407714721455204
MHK;RMD;0.01340927473676431
CSX;VRSK;0.013410732122805554
AES;MDLZ;0.013412467527505726
FTV;LNT;0.013427539019775087
ACN;KKR;0.013432590550206755
ADBE;EXR;0.013444982004908216
HWM;RVTY;0.013447489840499975
APO;CNC;0.013448326184677
CSX;RF;0.013449129610297088
ADP;TDY;0.013467359803112719
RMD;TRV;0.013467817321565115
APO;HUM;0.013474979481976347
ADM;AIZ;0.013482807132668705
HST;UNP;0.013491320633981728
ALB;CPB;0.013494726786141234
AVY;CAT;0.013498499675502321
ACN;L;0.013504334492681293
MA;NOC;0.013505522822823334
CSX;NEE;0.013511674994161968
PAYC;ROL;0.013512093697793683
AES;LMT;0.013512664779374363
AFL;NFLX;0.0135206296790642
HWM;TFC;0.01352219980492316
AES;NFLX;0.013538288418700759
HWM;NVR;0.013546283022489865
GRMN;TPL;0.013549481463403956
LYV;XYL;0.013564077287468022
BKR;YUM;0.013572730904267584
AMGN;NRG;0.013578761166150569
LEN;WMT;0.013583275328746716
HUM;IR;0.013584980738908485
AES;ROP;0.013587951036034567
HWM;MTCH;0.013587954231500861
HWM;TRV;0.013590050346455582
GM;MET;0.013595850450478342
DG;NSC;0.013599031806761577
ISRG;TECH;0.0136123786063843
ATO;KMI;0.013620274108055892
MCO;PSX;0.013620481991693797
HWM;ISRG;0.013634895602784646
AEE;MPWR;0.013646523609379272
EBAY;KKR;0.013651448550147905
ADP;CAT;0.01365422899553081
FTNT;WMT;0.013657845272438197
MPC;TXN;0.01367041666709571
FMC;PLD;0.01369217798370846
HWM;MO;0.013693661943602947
AAPL;ED;0.013699252715159841
CVS;MTCH;0.013710367052900988
ANET;WMT;0.013716125087211402
DLR;VRTX;0.013722958388629162
MPC;SWK;0.013723014940248182
DD;TAP;0.013723319147013613
MCO;VRSN;0.013724136472940324
ADM;MPC;0.013731592347850595
CNP;OMC;0.013734135113166523
HWM;SLB;0.01374186545543864
ADP;C;0.013748186172249363
CPT;EMN;0.0137567743267409
ARE;AXP;0.013766047550804364
BKR;NVDA;0.013771830213897333
CRM;TDG;0.013784720984371878
CSX;LNT;0.013786704324654984
CB;ECL;0.013805457377716863
EMR;MPC;0.013806923603198122
L;PSX;0.01381682170542542
AES;CNC;0.01382566184578872
BKR;EL;0.013843092776676984
BBY;MGM;0.013845561934407166
HWM;UPS;0.01384565498336505
ADP;PFE;0.013846486879053857
MNST;NOC;0.013863827905131687
AES;JNJ;0.013865970036843542
HWM;NDSN;0.01386974687482329
CVS;FICO;0.013878119169167922
HWM;MU;0.013879031504845603
HWM;MPC;0.013879347345265058
INVH;LNT;0.013879570741665707
CPAY;IR;0.013882167665332441
CNC;GDDY;0.013886946036796763
CPRT;VLO;0.013888402966324022
AES;REGN;0.013901129242128362
AES;META;0.01390751325483057
HWM;NOC;0.013911755137265431
AES;STZ;0.01391726484845514
PFE;TXN;0.01391928305305756
AMGN;BMY;0.01392099813206662
HWM;SBAC;0.01392153056944575
BIIB;ULTA;0.013927001584165736
BX;IR;0.013927994733462646
IP;SW;0.01392987192351574
AES;CMCSA;0.013930226010324863
IDXX;WMB;0.013939052651524954
CSX;EL;0.013963569967989342
AAPL;AEP;0.013963654530479645
MS;ODFL;0.013965263307207904
HWM;TXT;0.013969165925305473
HWM;STLD;0.01396918199120584
CVS;MMM;0.01398104584164888
CNC;INVH;0.013989965166798991
HWM;BTC-USD;0.013995533815633756
GOOGL;MMM;0.013996084018443173
AES;USDJPY=X;0.014003309765706531
MLM;PG;0.014009735781403385
CSX;SLB;0.014024489965011827
CSX;SWK;0.014027662071029462
KMI;LIN;0.014029512443367014
CMI;KMI;0.014036661126385906
HWM;VRTX;0.01404348479001093
BAC;TEL;0.014045514015176685
HWM;ORCL;0.014048879003020438
ISRG;LNT;0.014069225184601662
LIN;TAP;0.014082742423340447
AES;HLT;0.014089330349422854
ELV;HST;0.014090830116648662
ACGL;SNA;0.01409292966702697
ADBE;MSI;0.014096771629996311
DXCM;LYV;0.014098946018281489
HWM;MCD;0.014100230886509937
BMY;FIS;0.014113107753097048
AES;D;0.014117455694952215
SWKS;T;0.014121392349824617
AAPL;IFF;0.014121756508608965
CVS;ODFL;0.014134604918438438
KO;ROL;0.014135932448136126
SW;EURUSD=X;0.01414507626067712
PKG;WEC;0.014145493673089215
HWM;JBHT;0.014147374731126665
AES;AMAT;0.014148501751384083
HWM;LH;0.014150574770513766
EMR;HII;0.014153332569942093
CSX;MAR;0.014159545576288148
CSX;EPAM;0.014164463924014643
AWK;FICO;0.014190889650762302
FTNT;HD;0.014191251724636018
ABBV;BRO;0.014191423559594917
INVH;NDAQ;0.014193172089951914
GPN;PAYC;0.014194579692222849
DXCM;LMT;0.014197264061918877
HWM;PEG;0.014205332301420048
BWA;C;0.014205353790557698
HWM;WMT;0.014217622181630531
GPN;INTU;0.014220770981261474
ABT;HST;0.014236189020830589
AES;TAP;0.014238353261270745
FSLR;GE;0.014245749835643546
A;GPN;0.014247905229080286
HWM;TRMB;0.014253025531486064
DXCM;GD;0.01425456863367596
ADP;CNC;0.014259761094219689
APA;INVH;0.014270539506588447
AES;SBAC;0.014282823670195295
CVS;MSFT;0.014288404229099766
HWM;MMM;0.014290490712976877
PHM;PSX;0.014292101172838509
BX;COO;0.014309654833972493
DTE;TDG;0.014311430210956771
ISRG;PLD;0.014315523618289748
CSGP;MCD;0.01432395852243174
LNT;TDG;0.014325439994360112
DXCM;NVR;0.014332027269413855
HWM;TDY;0.014337419058643093
CSX;HSY;0.014343944647165935
AES;CAH;0.014345824620624014
AES;CMI;0.014358164728456906
HWM;VLO;0.014363282249784554
HWM;PGR;0.014374849343324914
AES;DXCM;0.014384141880596316
ADM;NWS;0.014394130384024631
JNJ;SW;0.01440104806863335
GS;LULU;0.014405366137833248
L;LKQ;0.014406572628403244
PSA;WMB;0.014432238962766209
DXCM;NOC;0.01445129823849023
CDW;CRM;0.01446010500235637
EQR;SLB;0.014460195059579468
ARE;TECH;0.014461150495855193
ACN;EXR;0.014464902897692275
EQR;HUM;0.014486162514663063
EMN;LHX;0.014491652327210988
GLW;LIN;0.0144950680681277
CDNS;L;0.014499619558981495
HWM;NI;0.014519707701477284
HWM;LYB;0.014529729105595114
FICO;LIN;0.014532449897939967
HWM;INTC;0.014532684944224309
RMD;TAP;0.014542899911786257
JCI;PODD;0.014547489080703349
HWM;WST;0.014549028188732388
CDW;NFLX;0.014550347874000443
BAX;WDAY;0.014551873582306769
CSX;PNC;0.014556894660427151
ES;KMI;0.014561852297691849
KO;NEE;0.014564698410307934
INVH;UPS;0.014566851669767128
APTV;CPT;0.014568311675351386
HST;INCY;0.0145684912374415
DG;L;0.014575689996286672
HWM;LRCX;0.014580935071230348
ADM;FICO;0.014581024851668956
LKQ;TROW;0.014585782042782925
AAPL;INVH;0.014596158524367693
CCI;CRM;0.014609003587203287
HWM;IVZ;0.01461281971991936
HWM;NOW;0.014613675381418282
HSIC;INVH;0.01461531631435739
CSX;FICO;0.014619755826858982
BX;IT;0.014624019623679622
EXR;PFE;0.014626748941826558
CNC;TAP;0.014627094476511802
AES;LRCX;0.014631350687962147
HWM;INTU;0.014631393740333898
HWM;NWS;0.014645190412580536
HWM;WM;0.01464974308604831
DOV;EXR;0.014659542135930913
HWM;PSX;0.014673219516724222
CSX;NXPI;0.014674505891934544
ARE;CNC;0.014675431926528155
ALL;FICO;0.014682922553332348
HWM;L;0.014684351389319011
APTV;MNST;0.014687048658783617
SW;YUM;0.014706863219279996
HWM;JPM;0.01471349830844434
INCY;SYY;0.014724037799245426
ADP;BKR;0.014728880021437723
HWM;JCI;0.014733148848685429
FRT;TRGP;0.014737683028902302
CSGP;WDAY;0.01474057527507621
SWKS;TRGP;0.01474598601340443
CMS;KMI;0.014776707889549953
T;TYL;0.014781821786226876
INVH;PNC;0.014785599336965601
ADM;FSLR;0.014786775807963053
NOW;NVDA;0.014787612341009896
CDW;NOC;0.01479747443413731
DD;LDOS;0.014805863007331844
CSX;WTW;0.014806523921302625
HWM;PKG;0.01480990171244921
HON;NVR;0.014816905168949743
CSX;TSN;0.01481794672952712
CSX;RSG;0.01483269241306949
DXCM;PH;0.014838801541614238
CE;L;0.014851657348306062
FTNT;SYY;0.014867639907782674
CRM;D;0.014871418066038446
FRT;SRE;0.014874141257795811
AES;DGX;0.014876611162245808
INCY;TDY;0.01487977276444006
AMT;DTE;0.01488145400994583
ABT;KKR;0.014885168412583827
ANET;MMM;0.01488667917365565
CCI;GDDY;0.014891949519176793
NOW;PLD;0.014893330764955722
CSX;PGR;0.014905132410929696
ANET;SBAC;0.014911884973073969
CSX;TEL;0.014917045770838029
ALL;AWK;0.014920171315596495
HWM;PHM;0.01492788594737822
CVS;ITW;0.014930190996664327
HST;URI;0.014941669381603448
AES;KEY;0.014957911254619816
AES;PLD;0.014958145992650242
HWM;NWSA;0.014959199231650245
ADM;TYL;0.014960671047254836
HON;TECH;0.014965925027064208
EBAY;EMN;0.014974534500588787
IQV;META;0.014987284643042602
FITB;RJF;0.014987939760964932
EMN;GDDY;0.015001932671681172
CSX;ETR;0.015002923435777221
ETN;KLAC;0.015003764060950367
WDAY;WEC;0.015018422131533569
CVS;SHW;0.015019210820506083
ANET;MSFT;0.015037441409634505
DLR;FMC;0.015042452946828376
FRT;TT;0.015045579214577007
COO;TRGP;0.015047427009724256
EQR;MAA;0.015059697208605012
GRMN;PHM;0.01506495606993213
APTV;DXCM;0.015073008006056937
CTSH;MTD;0.015075354508576493
CSX;WEC;0.01508011120180754
CTAS;RMD;0.015089232721355216
CSX;PFE;0.01509505855540848
DECK;LIN;0.015095855871707092
DD;MU;0.015097554664279101
CCI;MNST;0.015098510765000996
GPN;NFLX;0.015101825958919787
HWM;MLM;0.015102752704823936
AES;LNT;0.015111936852049259
INVH;STZ;0.015115041496057805
CVS;NTAP;0.01511574640856761
CNC;MHK;0.015117149142679644
TECH;UNH;0.015119511429606845
CBRE;NVR;0.015126736267858975
FTNT;VLO;0.015127080797686132
SPGI;XYL;0.015131286923177249
FITB;JBHT;0.015134255546792706
AEP;RVTY;0.015136241197540574
HWM;SCHW;0.015141475116238161
ADP;MSCI;0.015158993028900314
CNP;ZBRA;0.015190158542567504
CSX;SYK;0.015193012740314968
HWM;MCK;0.015194113119122903
MHK;SNPS;0.015194389152327889
BKR;CDNS;0.015202882882701382
ADM;APD;0.015210333843636521
AWK;EMN;0.015213634957215998
HWM;WYNN;0.01521849251329376
AES;ISRG;0.015222248393883852
MHK;WEC;0.015223896049256261
HWM;LMT;0.015224290340596093
IVZ;ZTS;0.015231456591810879
BMY;MA;0.01524308240195318
HWM;NKE;0.015246061966886132
CVS;PRU;0.015258337991528191
BRO;CME;0.01526864665184113
HWM;MDLZ;0.015271578351958826
GDDY;NEE;0.01527458553130605
BAX;KMI;0.015279203801024344
CSX;ELV;0.015282222135556413
HWM;SYY;0.015321439812768355
CVS;URI;0.015336397078961457
ARE;MMM;0.015340607302121556
SPG;WELL;0.01534358262994212
CVS;NVR;0.015345247221830616
REG;WELL;0.015350214489930644
CCL;WDAY;0.015351761027611783
EBAY;LMT;0.015374378473916463
SW;TAP;0.015382319516514502
CSX;LYV;0.015388820183228218
BKR;IEX;0.015390371566245434
MHK;NOC;0.015394563659945187
AMZN;NTRS;0.015395534789830684
INVH;WEC;0.015413317682551705
HST;PH;0.015417292414963889
HWM;PAYX;0.015418336615602815
HST;PAYX;0.015427824904385013
AES;WYNN;0.015428139161130717
AEP;ANET;0.015428961324677654
HWM;REGN;0.015439456740490775
DOV;GE;0.015446118734513995
CBRE;MAR;0.015451357512250219
HWM;META;0.01545236374144521
AES;IVZ;0.015457818042143176
GDDY;WEC;0.015460867833943301
DLR;PLD;0.015464044151114322
FDX;NOC;0.015464130347293145
TAP;UPS;0.015465784496125937
CFG;PAYX;0.015474257177397411
AVGO;GDDY;0.015481204969643229
ADBE;MNST;0.01549053657994867
INCY;J;0.015491478329745028
HWM;LHX;0.01549148320534768
L;MAR;0.015492927663819347
MPC;SHW;0.015497892583782584
A;APO;0.01549961864362395
CDW;ROP;0.015511003833693957
HWM;LNT;0.015515772891288429
HSY;LUV;0.01551692238874661
CSX;FTV;0.0155344875438435
PAYC;SBAC;0.01553448938367563
AME;INTU;0.015551969376105604
HUBB;STLD;0.015556387148587827
COP;PAYX;0.015557673310725653
LYV;GBPUSD=X;0.015558274233168553
HWM;NEM;0.015564273540749188
AES;LVS;0.015565301498879948
HWM;MS;0.015582742695600518
HWM;SWK;0.01558466431123442
KEY;UNP;0.015586450244019454
CF;OXY;0.01559717902825346
AEE;CDNS;0.015606969384403913
INCY;PEG;0.015616884829551278
LYV;NFLX;0.01562302566277031
MCO;V;0.015631640882758112
ADM;WAT;0.01564018898172717
CSX;MA;0.015648464440716166
C;TECH;0.015662453589906245
AES;PNR;0.015670262162827277
PLD;GBPUSD=X;0.015671686166454722
ADP;MCO;0.01567848716098132
HUM;IEX;0.015683723613939767
APA;BMY;0.01569131642753559
LMT;XYL;0.015707442628400334
GNRC;TXT;0.015708137626602375
ALLE;CPB;0.015722120994065558
AES;CPB;0.015722897054536968
PHM;WM;0.015723616689149816
BSX;HCA;0.01574335495879997
INVH;TER;0.0157472928686848
INVH;IRM;0.01575027979601615
CDW;TRV;0.015753820032826757
HWM;PWR;0.0157608796780384
ED;GDDY;0.015761007369524772
HWM;XEL;0.015762968455418806
AJG;EMN;0.015772288376265094
HWM;TEL;0.01577563140050048
EPAM;JKHY;0.015779291781198485
AES;NEE;0.015779319472109525
JPM;RJF;0.015789044823972632
L;RJF;0.015792120427623742
CE;UPS;0.01579243969932443
META;TTWO;0.015794327279131572
CSX;INTC;0.01581257547240853
APTV;SPGI;0.015818089393737748
HWM;SW;0.015832633751968764
CSX;TDY;0.015840088960200848
EMN;LMT;0.015840522156022285
CSX;EXPD;0.01584179883304017
DG;ODFL;0.015844640271175738
C;GPN;0.01585890630308709
HWM;JNJ;0.01586278900089409
DOV;DXCM;0.015867740668819873
AES;FIS;0.015872853050160073
CSX;DOV;0.015875305056150518
DECK;ITW;0.015883145104847448
APA;NXPI;0.015890694917903368
FTNT;BTC-USD;0.015903063614538693
AOS;GBPUSD=X;0.015903834452853604
AES;TECH;0.015918474624751724
HIG;META;0.015938014327316733
HWM;RMD;0.01593996648717051
APTV;PKG;0.015943847798747284
APTV;BAX;0.015956038799741903
NVDA;STE;0.015966477147212953
LYV;RCL;0.01597164685610599
PH;WM;0.015985137188146033
CE;HST;0.015992681223016
DUK;EQR;0.015994275963017158
CMI;TTWO;0.015995951338901422
AMD;BG;0.016006333144350692
STLD;UNP;0.016012070959105066
INVH;KMB;0.01601332000785581
CSX;GE;0.016016209652779993
MLM;PWR;0.016018650105362787
GPN;ZBRA;0.016019576291853937
ABT;AXP;0.01602626118480153
NEE;NXPI;0.0160396211801208
DOC;INVH;0.01604335370285246
GRMN;BTC-USD;0.016045369350813608
HWM;SYK;0.01605183587698222
DD;HST;0.016055224636740188
ACN;CTAS;0.016060896247211517
DUK;TDG;0.01606316340016933
HWM;IRM;0.016065339491813088
CMI;TMO;0.016073686877603934
ADM;TRGP;0.016080439770068098
HWM;RJF;0.016090172552164047
HWM;WELL;0.016106527732822982
IQV;MPWR;0.016109925746374567
HWM;UNP;0.016110931764130185
FRT;MOS;0.01611607102974882
FE;ULTA;0.016119092193818515
NCLH;PLD;0.016119817803672064
EQIX;NI;0.01612712433810271
CSX;IQV;0.016136384601529427
HWM;KEY;0.016143586974677434
AVGO;MMM;0.01614928207814504
HWM;TXN;0.016157926141996473
CSX;DOC;0.016165019752848644
ALL;L;0.016184440593977195
CVS;SWK;0.016184678661630262
AMZN;GLW;0.016187112333446625
DLR;MGM;0.016190219284456474
HWM;RF;0.016193689551446615
APA;NEE;0.016199539413710804
AES;CPT;0.01620086511991731
AEP;WEC;0.01621863613338898
MHK;PSX;0.016219003729420714
FICO;SWK;0.016222669066075446
DXCM;MA;0.016226537021145293
BKR;PGR;0.0162297549634822
META;NXPI;0.016232945730437667
AES;ROST;0.01623431407350406
AES;IEX;0.016234724924861697
AES;SPGI;0.016243391804128038
AES;LYV;0.01624764458505743
HWM;TFX;0.016251426602652656
HWM;PAYC;0.016256852885794367
APTV;MCD;0.016267050912032278
DXCM;NOW;0.016275144464940088
APA;NI;0.016276994356346598
MHK;TROW;0.016277095886096868
AES;MAS;0.016282469135101573
CSX;LHX;0.016297676753356034
AFL;NEE;0.016318451625758474
KKR;NXPI;0.016320916077802422
APA;ROL;0.01632352534523073
EMN;V;0.016327502770052186
KEYS;NVDA;0.016328851312835287
AVY;CTAS;0.01633757144232375
PAYC;PLD;0.016343975049468683
CPB;CPT;0.01634683996811156
BX;CTSH;0.016348981153375918
EXR;TSN;0.016353442505349987
EXR;LW;0.01637056049229997
LLY;PFE;0.016378231536548556
DD;EMN;0.01638020410035566
HWM;GBPUSD=X;0.016387479073891518
HWM;NTAP;0.01640063473303725
JPM;VLO;0.01640334004123232
ADP;MA;0.016415599016057294
AES;NVDA;0.016424094193951348
CVS;HLT;0.01642898359818667
AES;EFX;0.016436039788270705
ADI;HST;0.016438085264126514
LNT;XYL;0.016438513231500262
COF;HUBB;0.01644228018701231
GDDY;IR;0.016444337427131937
CPT;EURUSD=X;0.016452808143512552
CSX;NVDA;0.01646208692873029
BWA;EXR;0.01646623345453354
CSX;NVR;0.016469651584044127
GD;MCHP;0.016481263152763666
GPN;RVTY;0.01650743436578355
PLD;TDG;0.016514987412551016
CCL;UDR;0.016515233353056085
LW;MAR;0.016527405642371554
BKR;INVH;0.016534938621512493
AEP;APO;0.016538608039957835
ADP;BA;0.016546305098857527
AES;AME;0.016553202048171872
MPWR;NOC;0.01656946597509961
HWM;NEE;0.016586639604160836
CBRE;PNC;0.016589774773751204
HWM;O;0.01660063614756268
TYL;WTW;0.01660759347976989
AAPL;DXCM;0.016609814667527714
HWM;SMCI;0.016613903764685946
APTV;ISRG;0.016616929339431243
HWM;MAR;0.016617942936033477
CSX;JBHT;0.01661942709721005
AES;CHD;0.016620319149078144
CVS;JPM;0.016627086291963373
L;VRSK;0.016628226094974007
AES;APTV;0.016635140099703932
EXR;PODD;0.016651325731492982
AVGO;MNST;0.01666307282597768
CSX;HIG;0.016676990802992182
HWM;V;0.01668815978318859
CSX;EMN;0.016690828947732887
AES;CCI;0.016704428939523928
ALGN;FICO;0.016717015648706045
EXR;PSX;0.01673948822973925
ADBE;AWK;0.01674349446591312
HWM;ROK;0.016743839617755007
HSY;WY;0.01676376621305694
RMD;TECH;0.016789316679588717
CSX;MTB;0.01679180443881904
OKE;UAL;0.016794659178444367
AES;CB;0.016827796676787177
HWM;SPG;0.01682912417898158
ALB;AMAT;0.016838007790421182
AES;BG;0.01684146147829225
NTAP;SCHW;0.016842465088355244
AES;NOW;0.0168450265593444
AES;ZTS;0.016846863588839637
BDX;RMD;0.016870960176548124
HWM;NTRS;0.016877071204879964
ADM;GPN;0.01688443327884961
A;TMO;0.016885022093670887
HBAN;STLD;0.016886395713459144
MNST;WYNN;0.01688651103483109
AES;FMC;0.016889809926536357
ARE;C;0.016891984814096137
HWM;OKE;0.016895845644834474
CVS;MAR;0.016906931291478803
HWM;ITW;0.01690904971739992
EBAY;HIG;0.016916463626686536
ADM;NWSA;0.016920832736194415
AVGO;D;0.016945230966116658
KEY;LUV;0.01695049428483824
HWM;J;0.016962434574582422
GLW;ROP;0.016968244356040923
PKG;WDAY;0.017002255735208038
AES;RVTY;0.017007609102205525
HWM;MAS;0.017007774492945573
ADM;DE;0.017009421503877326
ARE;SWK;0.017011166764451843
IQV;PYPL;0.01701503003801814
BKR;NOC;0.017033404577002396
EXR;MTCH;0.01704353374484655
FTNT;NDSN;0.01705060078340863
CSX;IBM;0.01706484951727653
APTV;XYL;0.0170687382248341
BKR;MPWR;0.017076594781975592
ABBV;ADP;0.017095020815374642
AME;TDG;0.017101960998746373
ROL;ZBRA;0.017106233997817303
HUM;TTWO;0.017113266129285324
MMM;ZTS;0.01711668284107476
CTAS;LDOS;0.017153152216331957
ROP;TAP;0.017170232332160227
AES;FTNT;0.01717501520798137
APTV;NXPI;0.01717804471240803
INVH;J;0.017183595231633642
AES;ED;0.01719443241200086
AOS;LNT;0.017199013590456395
EXC;MPWR;0.017208449065815066
AES;EG;0.017208547342731476
CVS;HII;0.01722205929528612
CDW;CMI;0.01723331098835425
ANET;CTAS;0.017238941540173983
DXCM;HON;0.017241496388268253
EMN;NOW;0.01725382514331215
BAX;ECL;0.017255736815765966
META;PYPL;0.017258560307168776
HWM;NFLX;0.017263744943781238
AMZN;D;0.017268763863641137
HWM;WAB;0.017286773699157928
DXCM;LIN;0.017305440863237008
GLW;TRV;0.017326976603406617
BDX;TEL;0.017332149897726426
MDT;WMB;0.017332399195014506
HWM;TSCO;0.017344224565284765
EXR;UNP;0.017353290961493014
HWM;LEN;0.017353833871411897
HWM;POOL;0.017362528179629785
AES;POOL;0.017364177241949937
CTAS;TROW;0.017373917329889875
AES;CRL;0.017376275196959282
HWM;VTRS;0.01737937081191744
AES;INTU;0.0173845491894704
ARE;CBRE;0.017389401629181202
HWM;MCO;0.017412247285589398
CSX;FIS;0.017414107823624663
CCI;CTAS;0.017430119733627715
DXCM;INTU;0.017432750858542827
NOW;ROL;0.017436147144017033
BAX;DXCM;0.017439151136165773
DTE;SW;0.017453859790421484
GPN;WDAY;0.0174621786192034
NEM;VST;0.017469924466888675
HWM;TYL;0.01747488081189354
SW;TMO;0.017484022876954563
BX;TYL;0.017491890619970325
AES;PPL;0.01749425866044649
HWM;WDAY;0.017510297075319863
AMT;NI;0.01751202960187335
FRT;WDC;0.01752691466427619
CI;NOW;0.017542141997914054
TAP;TECH;0.017569752000797502
EMR;TEL;0.01757374600272452
ARE;MNST;0.01757396188155614
AES;ATO;0.01758127672219849
AMD;DLTR;0.017584869480358936
L;SPGI;0.017585506054969672
ADSK;DXCM;0.017609638514773377
CVS;TDY;0.017625001923651698
ALGN;MPWR;0.017626724121975457
ECL;GBPUSD=X;0.01763905681969755
NCLH;STT;0.017645583417070856
CF;JBHT;0.017645811657693584
BRO;LHX;0.01764737429549397
KO;NXPI;0.01766162692479718
ADP;TXT;0.01766298834176923
INVH;LYV;0.01766312349193069
HWM;IT;0.01767036560972127
EXPD;PNC;0.017674581708336426
AJG;DD;0.01767748752926126
HWM;LII;0.017679489383308433
AES;WELL;0.01768643573992436
GDDY;YUM;0.01768710624759323
SYY;UNP;0.017687196179567866
ADM;AVGO;0.017691397163991943
ABBV;EXR;0.01772325981574389
HWM;URI;0.017724988937733537
BKR;TTWO;0.017728005852984174
HWM;TMUS;0.017753770558616884
AES;AOS;0.017770910512876784
CSX;GL;0.01777297664469839
MKTX;WMB;0.01777303556616339
ALL;UNH;0.017777876728323722
INCY;VRSK;0.017783210255676377
GL;L;0.017784394265359636
HIG;TDG;0.017787537709656662
NCLH;OMC;0.017788393330620846
PAYC;SYK;0.017790389791715988
CSX;MHK;0.017794836812087315
HUM;META;0.017797415730832933
HWM;PFE;0.01780434133157131
AES;LOW;0.017818516656459116
INVH;IQV;0.017824794657673806
NOW;PYPL;0.017826363181466257
SLB;WDAY;0.01783922517940607
BDX;TDG;0.01784374279168182
HWM;SO;0.017847563536424114
AEP;EQIX;0.017847926470945515
CVS;MPWR;0.0178534830907265
ELV;L;0.0178731386210204
EBAY;TXT;0.017875064621934222
AES;AVGO;0.0178754485929295
IR;LW;0.01788231234967154
FRT;TPR;0.01788667520295876
CRM;MU;0.017886992345276662
NEM;ULTA;0.017893403374280616
BMY;CRL;0.01791399800975705
EXPD;GL;0.017914277562719672
HWM;LW;0.01791592400458463
ITW;L;0.017926289298523267
EL;MPC;0.017959474739157325
AES;HWM;0.017963775559510856
CNC;L;0.01796793255510344
MSI;STZ;0.017978970166897368
AJG;NOC;0.017979498201319773
CSX;PRU;0.017981125037519845
AES;JCI;0.017988444006367326
CI;HST;0.017991693085828122
AVY;TROW;0.01799241231922559
HWM;PNR;0.017992871015305716
CSX;WFC;0.017997355341863287
INVH;SWK;0.018001272548597312
RCL;TECH;0.01800257715120829
DLR;LRCX;0.018011434658722857
DUK;MTD;0.018015796648870257
DLR;HUM;0.01801969982148307
DXCM;IFF;0.018023520887747745
ADM;O;0.018028758503308994
AEP;DTE;0.01803712856554894
HWM;PNC;0.018044017017349936
BLK;BR;0.01804663191036273
STT;SW;0.01805114716748414
FTV;TAP;0.018053168054479027
CBRE;GE;0.01805740202566139
SW;TXT;0.018060880066216537
GDDY;SPGI;0.018061693449869798
BMY;BWA;0.01806793878182016
BKR;MCD;0.018075556047652427
ALGN;MNST;0.018077301966207805
PTC;TEL;0.018080284360414072
MCO;UPS;0.018087495493479065
GL;MPC;0.018092522459711848
CFG;CPAY;0.018100930986378553
HWM;VZ;0.01810270027962264
BSX;HRL;0.01810615541707457
AWK;PFG;0.01812118632721335
AES;ERIE;0.01813020421173797
NTRS;SHW;0.018151694302847823
KMI;WDAY;0.01815675725040207
SMCI;SO;0.018170063601314165
AES;VZ;0.018170423498942094
IVZ;TDG;0.018175389216908946
FSLR;L;0.01819431887812045
BKR;TRMB;0.018195876222338484
CPT;WDAY;0.0181960063321516
ALGN;AWK;0.01820702271373145
SWK;TAP;0.018208465736810044
A;TECH;0.01821378258146321
AWK;L;0.018222834740861844
BKR;CRM;0.018228937206669793
LYV;MA;0.018243537299449324
AWK;GDDY;0.018260737199593563
BIIB;PCAR;0.018269898015156612
FE;KHC;0.018271777283603685
ADSK;TRGP;0.018278798553522758
ODFL;VLO;0.018282275815312398
AMZN;ITW;0.018288412371327552
BLK;KKR;0.01829871537203361
EBAY;ROL;0.01829968178829543
CPAY;URI;0.018300875345085215
ADP;V;0.01830525966647898
APO;GBPUSD=X;0.018320574920568735
C;NVDA;0.018333304262873443
ADP;CME;0.01834537471344755
IR;WYNN;0.01836253581684732
FRT;HAL;0.018366143976683357
HWM;MHK;0.018371208270735854
IR;REGN;0.018376182895089105
BAC;TXN;0.018382705547671335
CSX;FMC;0.018389907824910436
CVS;SO;0.018391214944588792
AWK;SWK;0.018394877735797656
CL;INVH;0.01840897208895148
MCD;RCL;0.018413778254351868
INVH;MS;0.018415182824809063
IQV;PLD;0.018415976159851754
BX;UDR;0.018417879815593573
DLR;TMO;0.018422138041283755
FICO;FSLR;0.018422711214468347
FDX;V;0.01842698125258878
NSC;TXT;0.018432490949591217
EPAM;L;0.018443623873225085
HWM;PNW;0.018454903486290954
META;GBPUSD=X;0.018468155021870266
AES;NXPI;0.018473275019850813
ADBE;SPGI;0.01847921800621209
EXR;SCHW;0.018481690545305983
AFL;ANET;0.01849816473977716
BKR;LMT;0.018500635531400914
CME;TXT;0.01850641336096265
CSX;DIS;0.018515878939058567
ROL;TDG;0.018518307462914347
ADM;LVS;0.018518327493639318
BAX;PLD;0.018520248041253743
HWM;ZBRA;0.018523152343615623
CB;DXCM;0.018534239572305093
FTV;LYV;0.018567705781597443
ACGL;AKAM;0.01857175956007852
FICO;MSI;0.01857411413880582
KR;NCLH;0.018576011746476676
NVDA;TAP;0.018576860943571312
INVH;NEE;0.018582484429548227
NI;RCL;0.018583051057812463
ED;HUM;0.01858577143940012
ARE;INTU;0.01858750668540597
KKR;SYK;0.018593636259728978
OKE;PWR;0.018598921304866803
AXP;DOV;0.018602348796773034
ALL;EXR;0.018606893363701416
GPN;META;0.018608476305916843
SBAC;WYNN;0.018615089998211737
CSX;PH;0.01862637289200796
HST;ROK;0.018636455445551734
TDG;YUM;0.018643974196788166
GLW;TECH;0.01865640416189599
A;CPT;0.01865906526533106
AOS;ETR;0.01866966874780493
ENPH;STLD;0.01866969621576326
EFX;GM;0.0186815518522821
HWM;KDP;0.01869713039048784
ARE;ROP;0.01872137554381088
CVS;RMD;0.018730575621556923
CSX;HUM;0.01873791949922018
MCO;TROW;0.018743704478739857
HWM;PCAR;0.018745700615161898
AVB;MDT;0.018756454823984265
HWM;SHW;0.018765475515563776
BKR;MCO;0.018775721190653287
AES;MCD;0.01878266939268643
HWM;RTX;0.01879091067069516
ARE;HST;0.018803838143496197
AFL;MCO;0.01881104650757531
CVS;SNPS;0.01881301226995141
CCI;ES;0.018814902374540636
AEP;ED;0.018819363973379116
ELV;TRV;0.01882372629756681
ICE;PGR;0.01882379883262034
STZ;UNH;0.018838491936007163
CSX;LMT;0.0188393260135933
BRO;TDY;0.018850974405887136
AMD;MTCH;0.01888690142451229
CSX;ROK;0.018899006376923197
AES;ETN;0.018907443925790125
CPRT;DG;0.018911007756236168
HWM;WAT;0.01891466712712577
ARE;PNC;0.01891524333094979
CRM;PSX;0.018923907050691722
AVGO;ROP;0.018934410670401216
GD;KO;0.018934764638971327
CSX;CTSH;0.018943216089016245
AES;GWW;0.018945727062345097
CDW;L;0.018946758459833225
CVS;LHX;0.018956717565494028
META;EURUSD=X;0.018957084052837865
MMM;RMD;0.01896898691796421
DHR;OXY;0.01897066673459214
SBAC;STZ;0.018983552222109505
FITB;LYB;0.018988673328711944
NOW;UNH;0.018991126624278265
ADP;NVR;0.018992781456254017
INVH;MRK;0.018994207895416847
ISRG;TDG;0.018998243902236815
BDX;PYPL;0.01899894888113933
ROL;TMO;0.01900691769033845
HWM;WFC;0.019008171023145937
ELV;MMM;0.019012916468097905
USDJPY=X;BTC-USD;0.019014371370184215
FMC;LYV;0.019018102661747714
PNR;SMCI;0.019024587380678516
CDW;EXR;0.01902492924677071
INCY;TEL;0.019031438186497267
AES;XEL;0.019044719772718745
AES;PM;0.01904486516939937
TMO;GBPUSD=X;0.01904548061993631
APTV;EURUSD=X;0.01904747801168816
FTNT;UNP;0.019050618293673726
INVH;OXY;0.019051422675109408
ADM;SYK;0.019070722713217227
BKNG;REGN;0.01912125431464831
ADM;BBY;0.019150220183817946
ADM;EPAM;0.019150472802600328
PNC;RJF;0.01915118549885155
CSX;TFC;0.019158794234783456
OKE;ULTA;0.01915969409728519
BDX;DXCM;0.019161335522124883
C;ICE;0.019167811479973016
CPAY;J;0.01917299731502052
COP;URI;0.019173323073243678
DUK;TMO;0.0191845994367554
HWM;KIM;0.019190918499062317
APTV;NOW;0.01921521857208156
HWM;LULU;0.019215807647553634
ADM;CCI;0.01922892144309328
AES;PAYC;0.01923028916799058
AMD;BTC-USD;0.01923240998837452
EXPD;VLO;0.01923647814288626
HWM;KHC;0.019242095108276264
BA;KKR;0.01924786520150583
AEP;NEE;0.019252678381495844
FRT;PWR;0.01925379003002846
AMAT;CDW;0.019257326386522056
BR;EXR;0.01926142026151804
BSX;MAA;0.019265469046566078
HWM;LDOS;0.0192779505376457
ROK;TFX;0.01927953395370294
MSI;WEC;0.019282583113116578
C;HIG;0.019306089916416424
CBRE;LW;0.019323373121550646
NOW;PSX;0.0193240451072179
AES;TRMB;0.019324404446752645
CVS;DELL;0.01933376857339191
DXCM;TXT;0.019335933278528263
AES;USDCAD=X;0.01933972515012016
ABBV;CTAS;0.01934639655328413
CSX;HUBB;0.01934945962356593
AES;TDG;0.019350281600447078
AON;CTSH;0.019351933172990703
NRG;ULTA;0.01935710954576786
CFG;OXY;0.01938026506345822
CVS;D;0.01938413173525419
AES;ORCL;0.019388597146314565
CSX;ULTA;0.019390631231415
DTE;NXPI;0.019397172999905777
ROK;TXT;0.01940127006482138
HWM;SYF;0.019418921592228508
CINF;NRG;0.01941911438878125
CNC;UNH;0.019437151164631124
PFG;WMT;0.019437288119090863
ATO;WDAY;0.0194394235144646
AVB;TSCO;0.01945548912962616
BMY;MCO;0.019458870794533942
EBAY;SPGI;0.019472663414794977
AXON;VMC;0.019477871916259614
ABBV;LHX;0.019487378470339243
NUE;VTR;0.019489020265180214
AES;APO;0.019498352672739014
CMS;NXPI;0.019500596977259227
HSIC;PAYX;0.019503897170149075
NCLH;PNW;0.019505796794040898
MHK;NEE;0.019507262243218262
AES;GOOG;0.019508959352257417
BMY;LMT;0.019516759000404952
NEE;TDG;0.019521172621028208
FRT;KO;0.01952406485720307
D;SBAC;0.019524984775872372
INVH;NOW;0.019550217090351846
ADI;SMCI;0.0195512228211938
AEE;CRM;0.01955294133720762
FIS;XYL;0.01956144183732422
CPT;SW;0.019561770084758307
AOS;NXPI;0.019593283978984907
CHTR;VTRS;0.019609909431946067
CHTR;STX;0.019621693045076997
MA;MNST;0.019630031276763465
KO;VRTX;0.019633211332544115
NRG;UPS;0.019645289604260933
APH;INVH;0.019652863436676875
CSX;MU;0.019657833970155903
DG;JPM;0.019661510900663686
ADP;EXC;0.01966174183921555
GE;UNH;0.01966192987004803
NCLH;UHS;0.019671483584401083
HWM;PH;0.019672174445773353
DXCM;GPN;0.019672307235008887
ATO;TDG;0.01967998163836297
ARE;GLW;0.019685891029497783
CTSH;TRMB;0.01968764167519743
CSX;TTWO;0.019695461985880625
CNC;NEE;0.019696571629273418
MNST;SPGI;0.019702712776238487
ADBE;MHK;0.019715066946590896
EBAY;MTD;0.01971698395972399
AES;ES;0.019719025214313124
ACGL;EIX;0.019725093734531463
CNC;TRMB;0.019725904693171398
WDAY;YUM;0.01973336109352506
AMP;CTAS;0.019733707874564018
HON;PSX;0.019734625406408975
KEYS;TAP;0.019742395614203566
HST;TXT;0.019744783894809072
AEE;SNPS;0.019751622190282352
EQIX;SLB;0.019770408766593986
HWM;ON;0.019781825107374938
HWM;SRE;0.019787387396810328
HWM;MDT;0.019792701917359004
AEP;ALGN;0.019793708304015493
GDDY;JKHY;0.01979760553523134
LMT;META;0.019802373492610808
CDW;INTU;0.019810287906665586
HWM;PTC;0.019818551005434944
EXR;TXT;0.01982578823078216
AES;YUM;0.019830152644750472
CL;CSX;0.019839681178422962
CZR;WMT;0.019849594008528995
LVS;TAP;0.019858399183749386
SLB;TYL;0.019877929041197326
DLR;GBPUSD=X;0.019881057598785057
AES;SYY;0.0198959906046477
JBL;TSLA;0.019902814823171088
L;TAP;0.019913330861148087
AWK;BLDR;0.01991334116440887
ISRG;RCL;0.01991702415027891
AME;LIN;0.019922699562649002
AMD;UNP;0.019926905577862215
ETN;ETR;0.01992745320030269
EXR;PGR;0.019928522025359965
VMC;AUDUSD=X;0.01993118145882348
HUBB;PCG;0.019938554552250506
CSX;UNP;0.0199689790544967
APTV;STE;0.0199715965729273
ANET;FICO;0.01998253415595608
CSX;HPE;0.01999259680495137
AES;HAS;0.019996245271409162
MSI;SBAC;0.01999759088170822
BXP;IBM;0.020014419569831073
COF;ENPH;0.02001553167196508
TGT;URI;0.020024162405178604
BEN;WMB;0.02003153874240649
HWM;ROP;0.020032600449144986
ANET;EXR;0.020047379716207323
KEY;NWS;0.020051369749721954
LLY;NTRS;0.020052627637685394
FDX;WEC;0.020053887530497624
ADP;PEG;0.020058103281435966
EXR;INTC;0.02006493192819304
L;MU;0.02006984469138422
KKR;TMO;0.020071549656807814
CSX;PCG;0.02007261243538904
DHI;PSX;0.020087269779222153
AES;GBPUSD=X;0.020095405672750637
ATO;TMO;0.020107468135617045
AAPL;BKR;0.020115071168265435
CMS;DTE;0.020122562355571035
L;PTC;0.020125272977634327
DOC;JBHT;0.020142628066071006
PSA;WELL;0.020146326082320802
AES;GOOGL;0.020153265092423357
DOC;TXT;0.020153853299876005
AFL;APO;0.020162475880159434
HWM;IFF;0.020171725514854383
AVGO;SLB;0.02017331242066222
UNH;VRSN;0.020194029335039262
NDAQ;OMC;0.020205189726223954
KMB;VST;0.020221975655736003
PRU;VRSK;0.020239372217317073
FTV;MU;0.020240110640311976
CRM;ROK;0.020248994218236345
AJG;SNPS;0.020256993894823494
AES;GPN;0.020257443884174824
ADP;ROK;0.020283006829542958
MGM;SW;0.02028640104940267
PKG;STT;0.020286432993233613
AXON;COR;0.020286680135653715
ABT;GE;0.02029288756031563
CE;PODD;0.020300199565168427
ITW;MAR;0.02030376219048078
CI;WEC;0.020315132165053963
CSX;PEG;0.02031809976639693
DOC;IRM;0.02031861649398815
CNC;TMO;0.020330007668724753
JCI;NDAQ;0.020347741395468532
ESS;HAL;0.020351731603956848
CVS;VST;0.020352581736586217
META;STE;0.02035770375302487
DOV;EMN;0.020358166108094558
LUV;MOH;0.020361843016249867
ICE;STT;0.020366621712583625
NXPI;XEL;0.020376837838423697
CTAS;PODD;0.020377998613003784
CVS;TXT;0.020390248521524847
AES;KMB;0.02039236249489559
DLR;UDR;0.02039970795426725
FRT;ORCL;0.02040517479320641
CSX;FTNT;0.02041028367699078
CSX;NOW;0.020410698465614448
BAX;STZ;0.020413727008818824
DD;LMT;0.020413861386497947
PSA;REGN;0.020414321991121483
HWM;PPG;0.020415149037819984
MS;VLO;0.02041738648022039
DXCM;IEX;0.02042136818733902
AES;AMGN;0.020429751904202664
STZ;SYK;0.020436241620857384
ACN;EL;0.020440243824249315
KMB;UHS;0.020443163319831058
DECK;YUM;0.02044515416345174
AWK;TECH;0.020445581680751966
CSX;DHI;0.020447235128051324
ES;PAYC;0.020458446767376907
MA;PYPL;0.020462122916299227
EMN;L;0.02046485057481861
ADM;MSFT;0.020465007456999224
MHK;MSI;0.02046786390227355
NEE;PKG;0.020468322811878784
SWKS;TJX;0.02047933703265687
CSX;RL;0.020487360216195603
HWM;RCL;0.020504399610877973
DG;EXR;0.020504694300878663
CI;EXR;0.02050686646089359
O;SI=F;0.020518531791545617
STE;TRMB;0.02052592087584325
GE;ROK;0.020528413690686455
NI;RVTY;0.02053062502791631
AES;CMS;0.02053550822263187
CMI;SW;0.02055607432959843
ADP;VRSN;0.02055640578750552
AWK;MSCI;0.02055934881425462
AAPL;KMI;0.020567133979934794
CSX;SMCI;0.020571865901875267
HWM;MTD;0.020572077097983876
HWM;NXPI;0.020575860373728175
CE;TAP;0.02057639260438896
HWM;NSC;0.02057740251147394
AES;IP;0.020578983537007118
CI;MPC;0.020582730934592314
JCI;PEG;0.020584351166597216
HSY;UNP;0.02059101942826911
BRO;TEL;0.020591257297812245
ADP;BLK;0.020593445864854683
CNC;DD;0.020600325495810777
AVGO;GLW;0.02060187889891821
APA;CINF;0.02061086330601671
CME;ODFL;0.02061300626966679
ATO;XEL;0.020621607445047357
HWM;WDC;0.020644337943303222
CVS;NOC;0.020644877805647756
MKTX;TPR;0.020670876878938628
CVS;DOV;0.02067751863695359
CVS;GM;0.02067913246162195
GRMN;TXN;0.020705960359289868
ADM;MCD;0.020710840611247658
GDDY;GE;0.020711301914914076
PSA;TJX;0.0207125597391652
IRM;VST;0.02071688759546752
AVY;KKR;0.020720088634971125
HBAN;J;0.020726142862348605
ALLE;EBAY;0.020728996249544114
MSFT;SWK;0.020739529564099402
EBAY;GILD;0.020749430034058793
HWM;STX;0.02075008044319646
CSX;TPR;0.020757747590747864
BAX;STT;0.02077023149984077
EXR;HLT;0.020771393235009407
PH;PSX;0.020771727146904503
CNC;HST;0.020774377237811024
HUM;SLB;0.02077924483131077
HWM;TMO;0.020780404715661248
CSX;RMD;0.020784466481932842
JCI;L;0.020785282802498948
ABT;ARE;0.020787177996098374
DG;FITB;0.020794326832065727
BMY;KKR;0.020799552507623772
AES;WTW;0.020811386335829483
AES;STT;0.02081204479964158
FTNT;LW;0.020813113132112687
ED;KO;0.020836603871915906
APTV;SBAC;0.020846199350436898
HWM;MSCI;0.02085239606795723
PSA;WDC;0.020852662921521135
CLX;HST;0.02085926256125445
HD;MPC;0.02086627017667689
ALGN;WEC;0.020876073845748116
AAPL;MNST;0.020884864244564996
CNC;UPS;0.020913646657114468
KKR;RVTY;0.020940492985232102
CDNS;INVH;0.02094303985764054
EBAY;IEX;0.02094420001236502
EXR;LDOS;0.020950969446688388
FIS;PLD;0.020953195396928925
CSX;EURUSD=X;0.02096187573027441
ATO;NXPI;0.020963114448388345
CVS;EMN;0.02096898628168053
O;WDC;0.020970236540173222
COO;ORLY;0.020980306476380835
RCL;WEC;0.020990187743004297
KKR;UPS;0.020990681186348243
HST;STLD;0.020992734817119694
AES;NUE;0.02101783928939012
BAC;TSN;0.021032889194312395
AMGN;VST;0.021033130665544863
BDX;CRM;0.021033683107343586
AES;AMT;0.02107230841527862
KEY;NWSA;0.02107401463106819
EXPD;MS;0.021074782508611355
ANET;AVY;0.021077289732684083
DXCM;GLW;0.02108009680241136
A;IEX;0.02109368164750108
HWM;VMC;0.021110681369188065
BWA;L;0.021115213374494273
MNST;RMD;0.021115353743936742
AVB;TPR;0.021118550599442107
APTV;CRL;0.021140504661477783
AES;RCL;0.021144100353857116
AES;SBUX;0.021150288894556137
EQIX;EQR;0.02115737635855264
AES;PKG;0.021168216735207957
HWM;TPR;0.02117202184453572
AES;AKAM;0.021174707583973832
NOC;VRSN;0.02117549543608924
FTNT;NWS;0.021182165959757936
CLX;TRV;0.021187352088067313
CBRE;TXT;0.02120142538730027
UNH;XYL;0.021201724915384464
ADI;WY;0.021202228847333165
DVN;IR;0.021207969740980652
FICO;SHW;0.02121135581581113
ADI;EXR;0.021223346191273793
APA;GC=F;0.02122808440282896
HBAN;OXY;0.02122956700506176
AES;DUK;0.021240676483491313
MCD;TDG;0.021242181560551836
ELV;MSI;0.02125013087638713
CBRE;NWS;0.021259993442810553
ADP;AWK;0.0212654084825711
BKR;PAYC;0.021271587682936344
DTE;EQIX;0.02127353029968774
CDW;LRCX;0.021274123521681305
LMT;STZ;0.021289254922388808
IT;ORCL;0.02130245090673239
KO;WTW;0.02130885468543199
AME;NOW;0.02132667569790741
GDDY;LVS;0.021333072652484266
ABBV;KKR;0.02134689780124371
DXCM;IVZ;0.021347927133601858
FTNT;INCY;0.021359637090508837
CNC;PAYC;0.021363133919539357
CDNS;IQV;0.021367114562350364
CNC;PKG;0.021369444587288688
D;ELV;0.021381813579176644
AVGO;TRV;0.021384707565478344
MHK;V;0.021385461930334825
CSX;VMC;0.021386462326163105
BLDR;PH;0.021388987966744773
AVGO;L;0.021397739022807498
CVS;OXY;0.021407828118235266
CVS;EL;0.02140828864824223
DXCM;WBD;0.021411684696694223
ICE;MNST;0.02141689302146152
PNW;RVTY;0.021417325020722494
DG;EMR;0.021417534544424268
HWM;NCLH;0.02141759458486021
MCHP;ROL;0.021428623758335617
CMI;IEX;0.021430650811475136
TEL;TXT;0.021446781140171255
NEE;ROL;0.02145351107466963
LRCX;PLD;0.021484517316974032
CAT;PSX;0.02149014701057175
VTR;WDC;0.02149356730908459
EXPD;MPC;0.021494444321290013
STLD;VLO;0.021512663329156814
ISRG;STZ;0.02151861861064605
HWM;LLY;0.021522300884234336
AJG;BWA;0.02153713830749651
XOM;GBPUSD=X;0.02156406088029933
AFL;EXR;0.021575631975182828
CVS;KKR;0.02158702460562816
ADM;DAL;0.021587927916994893
ADM;NVDA;0.021590383466419946
APD;ODFL;0.021597951853152806
AES;SO;0.0216001356302587
ARE;BKR;0.021615009819138956
BAX;TDG;0.02161809444135802
HWM;AUDUSD=X;0.021627831689143652
AOS;RVTY;0.021639540770370405
AES;DECK;0.021645037332091315
CMCSA;TPR;0.02164770688451524
IRM;WBD;0.021648404143955583
DOC;HSIC;0.02165131287119803
FTV;SNPS;0.02165630373234762
HWM;SPGI;0.021656736690827762
HWM;TER;0.021662888756651375
AES;STE;0.02167275633399891
ALLE;DTE;0.02167379815656177
MSI;NVR;0.021678339284534862
NUE;WELL;0.02168832455180401
CSX;XEL;0.02169332837244626
ES;SBAC;0.021701710601908678
CSX;MOS;0.02171286920030001
ADM;INTU;0.021716892898048783
SPG;SYF;0.021720550705645093
ESS;IR;0.021724885223626433
CPB;MCHP;0.021729790202875746
INCY;MAR;0.021745014106527055
CVS;TROW;0.021747357435896987
KKR;MSCI;0.02175641317973587
KMI;RVTY;0.02176470104458402
ADM;BX;0.02176501221530105
NCLH;ULTA;0.021765018891178434
ANET;IFF;0.021766721211882167
ADBE;L;0.0217706942412028
TDG;WDAY;0.021784450148194436
KKR;TRMB;0.021787884083262526
KLAC;KMI;0.021794653168174312
CVS;SYK;0.02179482090927562
BIIB;CMG;0.021795141900894748
BKR;BR;0.02179891025525938
CMI;LIN;0.021803151718846166
CSX;NDSN;0.021804623456779807
AES;CSGP;0.0218103038706405
DXCM;HLT;0.02181781488145829
BAX;DTE;0.02181833935817504
DTE;TRMB;0.02182667435351339
HWM;OXY;0.021836017331568272
ADP;EXR;0.021853532769744662
RMD;TROW;0.02185860060534686
BLDR;IR;0.021859865228276393
SW;TROW;0.021860767844491043
CE;MCO;0.021882940606797546
FICO;HON;0.02188348367541305
GDDY;TECH;0.02188955044134391
RCL;SLB;0.02189368774388383
APO;LMT;0.021895690474643906
AES;TSCO;0.02189759116905312
CCL;TRGP;0.021900446465337644
GD;WDAY;0.021906443494023244
AMZN;MAR;0.02191607923984
AME;EPAM;0.021924593003633072
AES;BAX;0.021924825963487514
CTSH;KO;0.021929664677117083
KKR;LW;0.021933462317277844
NCLH;STE;0.021941992215196864
CINF;EURUSD=X;0.021950526956046112
MET;TAP;0.02195058577077525
AMZN;NWS;0.0219509215901668
KO;SYK;0.021956599500082045
AVGO;IVZ;0.021958208703171868
XOM;YUM;0.0219881597198699
CMS;ED;0.022002944718889653
FRT;NI;0.022013722187989127
CI;NVR;0.022013894963208897
BMY;FE;0.0220370490047683
ATO;SLB;0.022051666569187806
LNT;GBPUSD=X;0.022058558686227563
CMI;DECK;0.022059885660244197
HWM;PRU;0.022068265138353492
AES;CINF;0.022072457022244907
NCLH;SNA;0.022088655780821198
DD;VRSN;0.0220895466168596
KKR;BTC-USD;0.022098026468229132
MPWR;WEC;0.022103041720618114
AAPL;ANET;0.02211479553332059
PYPL;TAP;0.02212025301982943
SWK;TFX;0.022141595088641604
CPT;MA;0.02215838380010524
FRT;WMB;0.022171702850131737
BKR;HST;0.02217277456269888
CVS;LYB;0.022172850739761874
BR;KKR;0.022175081935162485
AES;WAB;0.02219325628329612
BRO;KKR;0.022198505785954326
BKR;MA;0.022200532301599712
BWA;TAP;0.022200677109626678
FIS;NFLX;0.022205115136656323
CVS;MHK;0.02221295688524543
FRT;PNW;0.02221758939150027
BMY;IRM;0.02221787920168318
HSY;KKR;0.02223049574910647
LDOS;ON;0.022230818509300455
NSC;ON;0.02223132609393487
ADP;PGR;0.02223203207857129
CPB;TMO;0.022236391579245052
BKR;FIS;0.022256540458833393
GDDY;TAP;0.022261960001673624
ROP;TDG;0.022262826851416034
BKR;CPT;0.022262998027250652
AES;EBAY;0.02227706400439676
ON;PFE;0.02227912531637171
AES;CNP;0.022281146576633545
CDW;GDDY;0.022312764257344814
AJG;BRO;0.022316769046543877
FTNT;LEN;0.022328359919103848
CRM;ETR;0.022354647711435187
HSY;MSI;0.022356236803439088
HWM;PFG;0.022357484913025125
CSX;DD;0.022363304605111854
AES;TMO;0.022367454890412537
COF;HBAN;0.02238329544656092
ADP;CBOE;0.022390258272077246
CSX;HBAN;0.02239956792952102
APO;PAYC;0.022406894025306694
DD;FTV;0.022412069273460268
CRM;L;0.022424003896201302
CSX;OMC;0.02243099866572298
PTC;ROK;0.02243876579723359
DLR;WAT;0.022445246393308492
ICE;KKR;0.022447100365933413
PAYC;SPGI;0.022451034123857298
DXCM;TTWO;0.02245765621824273
AMT;APO;0.02246014728825189
HWM;WRB;0.022472175006707815
ADP;LMT;0.02248299884589643
AES;EQIX;0.022490727844670783
AOS;KKR;0.022491392795469665
ATO;MSI;0.022493464966431568
HST;ITW;0.02249823280755087
ARE;LKQ;0.022508568554459506
INVH;PH;0.022548452925561752
CSX;HPQ;0.022551603741449194
AEP;SYK;0.022557147406561767
CSX;TPL;0.022558428223854208
NOC;NOW;0.022566022825230632
IEX;TAP;0.022566083368932666
PHM;TEL;0.02256666581746468
AMD;INTC;0.02257252245903226
APO;MNST;0.022572969434612723
AJG;CTAS;0.022574581561951943
FTNT;PFG;0.02258422257218231
MHK;TECH;0.02258484447199325
BKR;TROW;0.022612923950459735
AES;DTE;0.022618472968893803
EBAY;STE;0.022622918334736265
INCY;WMT;0.022639348123843894
CB;TDG;0.022642114326034274
COP;J;0.022643997187051675
ADP;CZR;0.02264916454352582
PNC;TXT;0.02265299931964276
FTNT;MAR;0.02265700474546119
AFL;HON;0.02266294832819169
OXY;RF;0.0226804720685685
EBAY;GBPUSD=X;0.022684774828633736
EQIX;LYV;0.022703864788426047
GDDY;SYK;0.022705458839775136
O;WST;0.02271060922433915
AME;GBPUSD=X;0.022716647886320926
CSX;LEN;0.022717619414479046
AES;WAT;0.022718995577712106
LIN;SHW;0.022724272688904486
AES;SW;0.022746316659196842
DXCM;TDY;0.02274695997121175
AES;EURUSD=X;0.022760103797297794
CVS;LIN;0.022777915234522512
CRM;SNPS;0.022799637584284237
CRL;TMO;0.022808180429338683
DXCM;V;0.022812049907784862
AOS;TYL;0.022817207114601255
AVB;INVH;0.02283344477703219
CINF;EBAY;0.022836578380057537
BIIB;UPS;0.022858641300342653
AES;ZBH;0.022862171906050614
CVS;WY;0.022865212170303836
FTNT;TRV;0.022872628947361907
ADBE;LVS;0.022880742806490252
BA;L;0.022884082233779163
CPAY;PAYX;0.02289566481373369
CRM;TTWO;0.02290640195313276
D;LEN;0.022917771962247053
AEP;KMI;0.02292000641715872
MMM;MNST;0.02292772896290881
BAX;RCL;0.022929537968244883
ABT;L;0.022947746344798146
FTNT;SCHW;0.022958437934809936
CVS;UNH;0.022960871400758472
JCI;TDY;0.022969942384062872
BKR;ELV;0.02297029817281887
CDNS;DD;0.022978390700421826
HIG;STE;0.023004546094884663
C;MPWR;0.023014056612742355
BKNG;BXP;0.023015322871655343
RJF;TFC;0.023028377399676562
CBRE;PGR;0.02303224770789413
AKAM;JBL;0.02303344750444282
GD;EURUSD=X;0.02303794910715241
BKR;SPGI;0.02303928387053012
HUBB;PAYX;0.023043637132473718
ADP;APD;0.023048810691853622
C;XYL;0.023063926254108188
SRE;SWKS;0.023080927102839315
CDW;MPC;0.023089778205242648
APA;ZBRA;0.023091752071367683
CBOE;L;0.02311520105548438
FICO;TROW;0.02312140143045198
DOC;LYB;0.023124640994925054
STE;SW;0.02312485193709723
A;DXCM;0.023129807608476095
TECH;V;0.023133122777573935
DXCM;ROL;0.02313897161044121
KO;MCHP;0.023145738471380926
AES;CTSH;0.023156031775863468
ADP;BWA;0.02316003029887007
EBAY;MNST;0.023160685151956555
HBAN;WFC;0.02318203154887741
BDX;WEC;0.02319391069713219
ACGL;SWKS;0.023195900152699216
INTU;L;0.02320215000206801
CMI;LYV;0.023224294621457073
DLR;TDG;0.023226227534932697
ADSK;KO;0.02323210903248914
EBAY;RVTY;0.023235792129959652
CVS;LKQ;0.023238523585471633
AMAT;ETR;0.023238651631640003
CDW;SYK;0.02324019462802866
BKR;EMN;0.023240773814845777
HPE;KLAC;0.02324105931735274
DLR;ISRG;0.023246195349323692
C;CDNS;0.023255831669601778
NCLH;XEL;0.023256198952519017
CCL;VRTX;0.023270282368381474
AWK;CTAS;0.02328151491645893
KKR;SW;0.023281517232380408
AES;T;0.02328535787807352
CMI;TAP;0.023291573264972356
CSX;EMR;0.02331373978572394
AFL;META;0.02333042713470205
ADM;ALL;0.023336117571534525
IQV;LNT;0.023354500046139086
AES;KO;0.023362767175471266
FICO;SYK;0.02336510034402841
ROP;SYK;0.02336595458915813
IQV;WBD;0.023367487664305367
ACN;BRO;0.02337721199160604
NCLH;WTW;0.023381471148520187
ETN;KMI;0.023390704378044632
PSX;TROW;0.023403651954084788
CPAY;GS;0.02340600500048026
ALGN;IQV;0.023429736543319573
AVGO;TDG;0.0234370603052064
CVS;DE;0.023437533954377383
APA;CCI;0.023442296877909944
GLW;STZ;0.023445566483449944
CB;KO;0.023447193068362373
APA;PAYC;0.023449279968241594
FTV;NOC;0.02346203622581973
ARE;MAR;0.02346543700179189
META;NFLX;0.02346851310868427
ABT;MNST;0.023472135345097497
CVS;PODD;0.023476251454531506
SPGI;GBPUSD=X;0.023529461430436296
CSX;NTAP;0.023534263351694586
CMI;INTU;0.023544775637211756
AES;RSG;0.023547646218102358
CSX;GILD;0.023549828659533274
CSX;VRSN;0.02355252530110482
YUM;ZTS;0.02355658218817933
AEE;IQV;0.023563206010557475
GDDY;SWK;0.023563976057179404
CI;INVH;0.0235764539189755
EBAY;ICE;0.023576678119580155
CVS;GNRC;0.023583033801469852
CI;MCO;0.02358561430543113
EXR;TRV;0.023589853320303517
AON;DLR;0.023600834964835223
COO;IR;0.023613599223730176
ADP;INVH;0.02361489186641089
RVTY;TDG;0.023619357744558804
BKR;NXPI;0.023625228691396417
CSX;TER;0.023627108548646875
PAYC;TECH;0.02363521986545104
MMM;MSFT;0.02364147121977321
AES;KLAC;0.023647363882427667
IVZ;KKR;0.023649199967378867
AES;MCHP;0.023650961941201656
L;ROP;0.023665177280085062
MCO;TFX;0.023677686242294566
GLW;RVTY;0.023680105564249734
AFL;TECH;0.02369566259600882
FICO;SBAC;0.023705479743474513
AES;FRT;0.023708395435473154
EBAY;TROW;0.0237184592917439
ADBE;MPC;0.02371855281691617
CCI;STZ;0.023727257377872676
ADM;RVTY;0.023742855703149025
EXR;ON;0.023751217239098784
APD;PSX;0.023752257606499332
AVY;PODD;0.023757687205942075
JCI;NRG;0.02376765384457642
KKR;PFG;0.02377582781917693
LYV;MCHP;0.023776376421785973
LIN;MAR;0.023791826466907192
EXPE;WELL;0.02380108782016275
EIX;REG;0.02380951968021076
GE;LKQ;0.023809819929387008
PKG;TRMB;0.02381111022279423
AXON;MLM;0.023825057623804692
LNT;MHK;0.02382609776731639
FRT;IT;0.02383220387959552
GPN;MSI;0.023832657481536918
AWK;ROK;0.02383281557976424
CSX;DUK;0.023834010106109933
BA;TROW;0.023841977400730734
CBRE;EL;0.023847975038199326
ECL;KIM;0.023878758396214384
GDDY;MSCI;0.023887412018657204
AOS;CMI;0.02389417285295064
APTV;NFLX;0.02390693815091737
AES;APA;0.02391262841879156
BKR;HON;0.023922449812197353
CBRE;PH;0.02392414872324792
BG;XOM;0.023928892016657644
CVS;LDOS;0.023931293279731272
SWKS;WFC;0.023937372108320545
CVS;FITB;0.02394311182670478
DXCM;ZBRA;0.02394352261033298
CBOE;EL;0.023946598404517593
ED;GPN;0.023952976627663818
DIS;SJM;0.023953055938639476
PEG;TDY;0.0239598399149536
GS;IR;0.023960354319604527
ADM;ALGN;0.023961262268808393
D;MHK;0.023962655014108405
IR;WMT;0.023962857203731033
A;TAP;0.023963801732246756
AMT;APA;0.02398958979952459
HWM;LUV;0.02399610206354414
FTNT;RTX;0.024008056260732248
CSX;SJM;0.024017069792442
LNT;LVS;0.02402935545786831
CB;TAP;0.02404180908502633
BRO;ON;0.024043344037513185
DTE;ISRG;0.024044295613691327
INCY;BTC-USD;0.02404664839071647
CVS;PNC;0.02405276557855782
JCI;WM;0.024057545609424517
ELV;MHK;0.024058647075835042
TDG;TRMB;0.024058704826285804
FICO;TEL;0.024065452319333464
BMY;NFLX;0.024070016244243975
HUM;LVS;0.02408504022534671
HSY;TER;0.024097907198148236
CPT;NFLX;0.02411221001552886
ADI;GRMN;0.024122224559373916
CDW;SHW;0.02412779916237586
ISRG;NEE;0.024140642176788477
AJG;CDNS;0.02414158178075284
MA;NVR;0.024146388703886953
ABT;ADBE;0.024155546822510993
AES;GILD;0.02415814356770393
AXP;BRO;0.024158153198546972
AEE;WBD;0.024162151680462447
MCO;STZ;0.02418128786200607
ABT;UPS;0.02418471389532535
CSX;NWS;0.024204782297121797
CE;EXR;0.02420627431577802
ADP;APH;0.024206367124730427
CDW;FTV;0.024210131981520024
BDX;PKG;0.024212431552867158
CPB;FIS;0.02421306948609204
CME;L;0.02421423632246419
MTB;STLD;0.024226765584989957
ADM;ECL;0.0242397657922169
CSX;URI;0.024246540754105667
KMB;KMX;0.024254401842246424
IQV;NVDA;0.024258517265038176
CVS;RJF;0.02428093346111622
HBAN;LULU;0.024282774885649012
HWM;USDJPY=X;0.024298310750868423
NOC;PYPL;0.02430715742324631
NFLX;XYL;0.024312130363599273
MLM;VST;0.024313782736691856
JKHY;MMM;0.02432257573583059
ARE;NTRS;0.024328357425438995
SW;UNH;0.024336299890254494
APH;EMN;0.02434940888677365
CVS;DXCM;0.02434981376570718
NSC;TXN;0.024357712096671816
STE;WTW;0.024364731423162686
KKR;NVDA;0.024367764717983083
NCLH;TDG;0.02438088488776343
EL;V;0.02441681037850473
ARE;IEX;0.02445248877127237
HSIC;J;0.024456644157051684
FTNT;MKC;0.024460150372765582
LNT;MAS;0.02446478013056698
GILD;MDLZ;0.02448475457520292
ACN;MNST;0.024487672142602574
ADM;EW;0.024491027265133292
DECK;WYNN;0.024496718639087166
MSI;WYNN;0.02450114276169156
BXP;MOS;0.024514674394311483
AES;DVN;0.024514682619256878
ESS;SPG;0.02452412701627499
JNJ;ROP;0.02453300137309988
CVS;WEC;0.02453584605715207
RCL;STZ;0.024537035707785666
HWM;MCHP;0.024551680122984778
ABT;FTV;0.024555401229297107
CMS;SYK;0.024560261298844185
FTNT;MAS;0.024567894051397372
AMP;DOV;0.024577754272221242
LEN;LII;0.0246007238910549
HST;LKQ;0.024615190912630626
HWM;SNPS;0.024626947422656222
NCLH;SRE;0.02462809230823428
CRM;LYV;0.024632327420208593
CTAS;SWK;0.024639410459898283
PTC;SO;0.024648870384440726
IP;PLD;0.024668238337785028
ALB;NFLX;0.024668523800507366
RF;VRSK;0.024671026876109958
CPAY;HBAN;0.024675241548949543
AES;UHS;0.024681522665785643
SHW;TAP;0.024683555993277134
CNC;TDG;0.024683979487031354
FDS;J;0.024686126445921892
CSX;V;0.024686255569739173
BLK;IR;0.02470235881130652
CSX;CVS;0.024702402219111887
AOS;BMY;0.024710032991843593
ADI;BMY;0.024714538343342602
HSY;LEN;0.02471929155031968
CDW;PAYC;0.024729210194629925
TDG;TTWO;0.02472978698510356
SPGI;TRMB;0.0247338174422353
AVGO;TRMB;0.024736692912702588
CSX;MCO;0.024738499382952566
CSX;KEYS;0.024740236453577705
DLR;TAP;0.024741034408317833
NCLH;UPS;0.0247418639611124
FIS;RCL;0.024749204462724432
AES;AIG;0.024752906097053173
GDDY;KMI;0.02477658696605137
AES;KMX;0.024792200621094433
ANET;CNC;0.0247985606816804
DXCM;RVTY;0.024812584759180585
CCI;MHK;0.024825623184458127
ALL;PGR;0.024843514320518244
FITB;URI;0.02484501242339787
CSX;WBD;0.024851725200729036
APA;NFLX;0.02487257781488577
PNW;SLB;0.024890428054736048
ADM;NOW;0.024909731585522638
ALB;LRCX;0.024915905856111937
CNC;LHX;0.02491948237312782
EL;EMN;0.024933779495305803
A;C;0.02494149195563211
EXPD;SCHW;0.02494763403554322
IP;KKR;0.024948225499350402
AMD;OXY;0.024950338303035023
DXCM;RCL;0.024958822301865812
CDW;CTAS;0.024973751071809113
AOS;TMO;0.02497667791333799
AVY;INVH;0.02498458194614459
APTV;MA;0.02498796818588234
BMY;FTV;0.024990750710767194
FTNT;RF;0.02500263446438048
EXR;FDX;0.02500328905454487
IRM;UHS;0.02501943007196803
AES;HUM;0.025033908252913812
A;RCL;0.025035726968144534
AVY;CI;0.02503777541918209
LVS;TDG;0.025038749584716944
CMS;WAT;0.025046710604664544
APTV;HUM;0.025048168484560717
LIN;SWK;0.025055262138991844
AOS;EPAM;0.02505729927801833
C;MNST;0.02507142520594592
KKR;STLD;0.025081535424057857
L;LII;0.025084373637271663
APD;HST;0.025086068068086474
MAA;TSLA;0.0250953747471454
CTAS;MSCI;0.02511331860141148
MCO;TECH;0.025114216676861405
DD;TROW;0.02511748176117123
ADM;BR;0.025120944767549173
EXR;SMCI;0.02512262848522266
GOOGL;NTRS;0.025130092949643856
SLB;ZBRA;0.02513181916955673
CSX;EXC;0.025134963408490495
KEYS;L;0.02514110895022285
CSX;LYB;0.02514135768739194
UHS;VST;0.025146419565093128
EVRG;FANG;0.025150493002838004
LYV;V;0.025159973763150524
ADP;UPS;0.02516088741927244
HWM;MTB;0.02516346518816494
ANET;EPAM;0.025174015263837064
AVY;AWK;0.025174669390541988
EL;EXR;0.025197845518705932
BMY;MSCI;0.025201758364624717
CNC;STT;0.025206454918508023
BWA;LHX;0.025211408993290954
LII;MPC;0.02521685279624268
ADM;L;0.02522153323145794
O;TPR;0.02522411762971009
O;UDR;0.025226541154177475
ROL;TYL;0.025230938293265108
CVS;SMCI;0.025232135783078057
DXCM;LDOS;0.025232202790703664
C;PAYC;0.02525727989510601
MSI;VRSN;0.02527485667815958
AES;NI;0.025279640354926993
AMT;AVGO;0.025284355346484495
CNC;PGR;0.025314973168720768
AES;PNW;0.025316772778375598
ADBE;ETR;0.025336320497025052
MMM;NVR;0.025339725995072514
AES;COR;0.025353843788115227
INCY;ROK;0.025361441537527066
L;NOW;0.025365535648121603
ABT;XYL;0.02536605293098749
CL;KIM;0.02537954762277929
AES;MCK;0.025392581754625426
PSA;TPR;0.025411297716564883
GL;NTAP;0.025417862172501367
CSX;PHM;0.025427789547322093
LMT;MA;0.02543118514241913
HWM;TT;0.0254343360269594
CB;IQV;0.025435552264505144
INVH;LIN;0.025441161297080787
IQV;NOW;0.02544492320990326
DOC;ON;0.02544608401596897
AES;CLX;0.025455483646532363
AMD;VRSK;0.02545558382851722
CSX;UHS;0.025458103664219214
OKE;VMC;0.025470192423671125
NOC;TECH;0.025472278314284974
HPE;GBPUSD=X;0.025480879702348094
ELV;KMI;0.025487728224404593
RMD;SWK;0.025489305100930927
AAPL;GBPUSD=X;0.025500951334785412
CVS;SCHW;0.02550606245521839
GS;HBAN;0.025512157536943986
CNC;TROW;0.02551906512919148
ADI;LDOS;0.025523714884830326
CSX;NWSA;0.02552636268757151
AES;SNA;0.025528453217969396
DTE;SBAC;0.02553095145137982
IEX;SW;0.025533098044362046
BKR;DXCM;0.025533124241598572
ADBE;SHW;0.02553843414570868
BA;INVH;0.02554049083986261
HUM;YUM;0.02554823413451094
CVS;PSX;0.02555044222414755
AOS;IQV;0.025572364782079124
DXCM;PFG;0.025574913111239096
ARE;TDG;0.025575758147329524
PLD;TRMB;0.025589593453205117
MSCI;ROP;0.025592211515361337
DXCM;MMM;0.0255951446888219
TEL;BTC-USD;0.025617441287249004
HUM;TECH;0.025623981767860043
AES;SRE;0.025626214472502903
STLD;URI;0.025639918402046352
CB;WDAY;0.025668637854954962
INTU;UNH;0.025671432235414397
IDXX;O;0.0256718032279915
CFG;XOM;0.025684590939709033
PGR;PSX;0.025687639710482997
CSX;NI;0.025693300039176883
FRT;GC=F;0.02569429848010041
HWM;MAA;0.025698232763054857
CHRW;OXY;0.02571790185179114
ADP;FDX;0.025720154961780615
FTV;TECH;0.025720715149138724
FICO;PGR;0.025729366610087637
ROL;GBPUSD=X;0.02573431599635266
AES;AMD;0.025743582542861725
EXR;NWSA;0.025751061794260666
DXCM;TEL;0.025757482506503244
IP;KHC;0.025793210902562265
AEP;FMC;0.025795196737276274
AXP;MS;0.025801064495438123
EPAM;NTRS;0.025805271731881987
CRL;GPN;0.025807332315737425
EQIX;UDR;0.025810021948991475
AES;TYL;0.02581367820173811
ADM;IEX;0.02584038797957666
DUK;FMC;0.02584236147252954
AVY;BRO;0.025854161619971328
AFL;C;0.02587685002078595
NFLX;OMC;0.025878986499072835
MAS;NTRS;0.02589650147615403
ADM;EQIX;0.02590042436739486
INCY;ON;0.025903751098219435
GPN;SBAC;0.02590422929352921
EXR;GDDY;0.02590664826537674
AUDUSD=X;USDCAD=X;0.02591018760782709
MCO;MHK;0.02591872417608968
KMI;WYNN;0.02592277095049154
EXR;MS;0.025923142894516065
EXPE;GWW;0.02593134995824153
EXR;NWS;0.025934456512968187
INVH;META;0.025935791405288733
ISRG;SYK;0.02595272646151153
ADM;INCY;0.02595496663239242
NFLX;TRMB;0.025956916630324976
CSX;PODD;0.025957873278724335
HWM;ROL;0.025967908598345066
LMT;TTWO;0.025972921840826186
NI;WDAY;0.02598064518580909
HWM;TSLA;0.02598981502602203
NVR;PSX;0.02599219197796852
AES;SJM;0.025995653495114884
HBAN;PAYX;0.02600517548478476
CLX;UDR;0.026009992429674444
AES;BBY;0.026023276022370156
CSGP;TRMB;0.02603006061202537
IFF;WYNN;0.026036997846648105
COP;HSIC;0.026049332816087144
CTAS;NOC;0.026050737015734206
AES;ALLE;0.026064540043139364
AEP;NXPI;0.026071597792097934
HIG;PLD;0.026071809197256966
CF;LYB;0.026081604597828753
ADM;IVZ;0.02608449390731255
EMR;WM;0.026089795819986966
HWM;KKR;0.02609920721844294
DLR;LYV;0.02611297124685358
AFL;MA;0.026129534436630707
MAA;MOS;0.026131817571541597
AMD;COP;0.026142920172789606
JKHY;L;0.02614890993018835
MA;UPS;0.026185167849639906
GDDY;GLW;0.02618570710932911
PNC;TROW;0.026189136044972694
DTE;META;0.02619353867970372
INCY;VLO;0.02619752344456341
AES;TSLA;0.02622346094259385
META;UNH;0.02623402362870122
META;UPS;0.026239328715606844
BKR;CNC;0.026243486786041693
RVTY;TRMB;0.026251439341396118
FRT;SJM;0.026257375617717717
DLR;HCA;0.026258796408648477
META;PSX;0.026266250542328177
CVS;BTC-USD;0.02626829653634507
ES;TECH;0.026272631672341243
L;MA;0.026275673974209397
CMCSA;PSA;0.026287802028798584
MMM;TRV;0.026288310468800046
AES;VTR;0.026294836536707243
AES;KR;0.026322778615268022
DLR;OMC;0.026325008720633754
ALL;DECK;0.026326709259260343
ADP;BAC;0.026333050427965573
CVS;TFX;0.02634320228967533
PSA;UDR;0.026346251489042682
AMD;BF-B;0.02635063876080802
KKR;MU;0.026357350102130306
CSX;EQR;0.026359115355640707
AES;MOH;0.026376289346353447
HST;SWK;0.026379175973486095
AES;NCLH;0.026407667129422517
MSCI;MSFT;0.026407991729423888
CCI;HUM;0.026411824201093708
AFL;PYPL;0.026412215111370003
CPRT;EXPD;0.026420767680843463
CPT;PKG;0.026434017115860717
AES;MTD;0.026435588070289593
ANET;HST;0.026436873938502786
INTU;KKR;0.026452068695312095
GLW;TDG;0.026458747924494024
PPG;WY;0.026465744292914695
BEN;TSLA;0.026472997553747612
ARE;NOC;0.02647468919435736
AES;ECL;0.026483885823204264
L;NFLX;0.0264954150662014
EXR;TECH;0.02649887094445938
RMD;SHW;0.02650084159261124
KKR;STT;0.02650538738955367
AES;RTX;0.026515466980862903
HIG;LMT;0.026524180558004932
EQIX;STE;0.026532526615163365
LVS;MHK;0.026535078007862437
KKR;LIN;0.026542466593443746
HPQ;TER;0.02655582069451706
DXCM;TMO;0.02656197255973801
APA;ED;0.026598703628906335
HSY;PNR;0.02660973977217639
AES;EIX;0.026610922365602474
FDX;XYL;0.026614568792926254
CDNS;ETR;0.026622107811488552
FTNT;LOW;0.02662782837062258
BF-B;DG;0.02663297600197534
LUV;PEP;0.02663570385967652
APA;CCL;0.02666438982993728
CB;GPN;0.02668211970256145
EMN;WM;0.02669527951593268
HSY;VRSK;0.026701903149593493
NVR;TROW;0.02670689004747312
AES;VRTX;0.02671661219947264
CDW;WEC;0.026717379423053078
HWM;XOM;0.026718648004325465
META;XEL;0.026719410739671833
CVS;PNR;0.026719497116737382
JCI;NWSA;0.026720326648556735
AOS;LVS;0.026724189167636872
GLW;PPG;0.026728208267236885
AES;AVB;0.026735507552231953
GOOG;NTRS;0.026737231719433256
ADM;TECH;0.026770010827424674
AES;SI=F;0.026779082728146983
AEE;BKR;0.026779475226715175
AEP;ISRG;0.02678426108954495
C;NVR;0.026785533508602327
CDW;FICO;0.026792079235808383
CVS;MS;0.02679462261610357
EFX;KMX;0.026798273645794384
FICO;RMD;0.02681465143162399
FTNT;NWSA;0.026827467023260908
MMM;MPC;0.02685156782490617
AES;TGT;0.026851841632851845
ADP;MU;0.02686804261745994
AES;ROL;0.026869072170877664
CVS;HPQ;0.026881026183240727
AJG;APH;0.02688129980371461
CSX;ROST;0.026885793669153304
CSX;EFX;0.02688846418093208
D;MMM;0.02688897057129689
NVDA;PLD;0.026890864766816427
PHM;BTC-USD;0.026895036597883965
ADP;TPL;0.02689857339357131
DHR;J;0.026910593311118152
IEX;PAYC;0.02691142659169837
BRK-B;INVH;0.026912741904526756
ARE;EXR;0.02691641105143399
EXR;MSCI;0.02691914261010727
ICE;STZ;0.026929525160659266
GPN;UHS;0.026934129273477245
CVS;J;0.026935062909699485
MCD;WAT;0.026945049582373114
HCA;NUE;0.026946266903842032
INVH;PFE;0.026952323548158994
MCHP;PLD;0.026957169701927648
CBRE;EMR;0.02695758139393261
CVS;GLW;0.026959537737069418
KEYS;WBD;0.02696131374263276
CBOE;LDOS;0.026962054454478225
C;STZ;0.026977019884220084
FSLR;PODD;0.026979939956694583
ECL;ES;0.026980930121388132
ECL;MSI;0.02698228386928574
FICO;KMI;0.02698514125744014
CVS;NSC;0.027005598971563412
FRT;WFC;0.02700648894221211
BF-B;NSC;0.027009600504513644
MHK;SPGI;0.02701670385629968
AME;NEE;0.027030618843745254
PCAR;TXT;0.02705798699353011
C;TFX;0.02706901752850472
INCY;LYB;0.0270774296394612
GDDY;KKR;0.02708412355415139
HSY;LIN;0.027088354963643212
HUM;VRSN;0.027090552583612225
CVS;CZR;0.027091902056520664
AES;DAL;0.027099044541533383
CMI;CRL;0.0271070632444587
DHR;XOM;0.027109598953384297
DXCM;TAP;0.02711497607712098
BLDR;CTAS;0.027122753759174535
TAP;WTW;0.027124173279923523
LMT;MNST;0.02713182560945178
INVH;MPWR;0.02713908005511481
UHS;WDAY;0.027171639245704978
ACGL;BKNG;0.027176571448610697
DLR;PAYC;0.02717944428166742
AJG;LDOS;0.02719204817130327
LNT;LYV;0.02720121622064576
GEN;WMB;0.02720208060099318
FICO;PSX;0.027206656073780602
HWM;PCG;0.02720719973334997
CTAS;CZR;0.0272105054154986
CNC;PSX;0.02721072779381635
APTV;KMI;0.027214490933632353
PNW;TMO;0.027214911122790002
GPN;IQV;0.0272198067000406
HSY;PTC;0.027250929113166185
FICO;ITW;0.027266008645477593
APO;MCD;0.027272856558979867
EMN;LDOS;0.02727287936993916
INVH;JCI;0.0272764330995423
DAL;ZTS;0.027284926288805803
NKE;STLD;0.027287807726742292
HUM;SW;0.02729038188532506
AES;AXON;0.027310831270241347
KO;MTD;0.027312301308580887
ABT;TECH;0.027327682056961965
FRT;NCLH;0.0273351130170535
MDT;PWR;0.027340351122590326
KMI;LVS;0.027342535768734123
CSX;GM;0.027355244775751512
GE;MNST;0.027361187631682563
AVGO;NXPI;0.02737224545284897
MCO;UNH;0.027399691163222772
NEE;ROP;0.027400699718945896
PLD;TAP;0.027414697026353407
MNST;PODD;0.02741646489417629
MET;VST;0.027420599606652468
D;IFF;0.027423984946476753
CSX;FDS;0.02742716072150073
AES;AON;0.027430295158233454
TEL;TRV;0.02743763477185865
IVZ;MSI;0.027441326826148405
DELL;INCY;0.027450007914841704
AES;PG;0.027461030522026055
ADM;KEYS;0.02746775712478828
IQV;NFLX;0.027472666917126853
MSI;SPGI;0.027479427112909925
FDX;KKR;0.02748088674713515
INTC;TSN;0.0274847685907749
HWM;MKC;0.02748659696386531
PKG;RVTY;0.027499948553875705
TDG;GBPUSD=X;0.027500563822891812
LNT;NXPI;0.02751568278929234
BWA;MET;0.027517452240213014
ANET;L;0.027533793194024297
KKR;NEE;0.02753974561692432
CMI;CNC;0.02754619276470589
ADM;STZ;0.02754831007098095
APTV;TDG;0.027567824935813553
KKR;NSC;0.027571921570872
FRT;USDJPY=X;0.027625796054755968
ON;TDY;0.0276300631367663
FTNT;L;0.027656734329748946
D;GDDY;0.027658345711824663
CINF;FIS;0.027658457297030793
JKHY;ZTS;0.027668814605302173
CME;INVH;0.027670693274022964
DECK;SHW;0.027676289560255266
HIG;EURUSD=X;0.027693371884527907
ADBE;NVR;0.027695607717758235
BMY;C;0.027707253707972303
BRK-B;EXR;0.027717692671243636
CCI;FDX;0.027721855703067667
AES;WDAY;0.027722575641463413
FITB;TSN;0.02772740905516974
EXR;TFX;0.027732472113134864
DXCM;XYL;0.027737653874338356
INCY;MSFT;0.027740815098259673
STZ;TECH;0.02775563587054327
NCLH;TJX;0.027757959397053656
CVS;DD;0.027767516498192278
DPZ;REGN;0.027799371413782914
ARE;EL;0.02780287973263076
PSA;TSLA;0.027814723422369906
NVR;XYL;0.027821755094613963
MAR;WMT;0.027826337327862098
CINF;CMG;0.02782814161230125
OKE;VST;0.027830348347191693
ECL;MGM;0.027830667524259573
CVS;HSIC;0.02783692186408822
CDW;CPT;0.027845800015900733
ADM;QCOM;0.027846218021418963
ACN;PHM;0.027871008001324606
CRM;GRMN;0.027885805257722267
CSX;MSCI;0.027906710547665834
CFG;IR;0.027910218067649525
COP;OXY;0.027918454137764996
ADM;ED;0.027923545633958238
INVH;L;0.027923910950854825
TRGP;ZBRA;0.0279290338520461
DXCM;MAR;0.02794634651191573
FICO;NOC;0.02795216078144313
SPG;SRE;0.027953590341668944
DXCM;L;0.02795641930973644
AES;CCL;0.027960313607349054
DOV;L;0.027968205218031988
SWKS;XEL;0.027988962164486438
D;EPAM;0.02799242841181808
AMP;JPM;0.02799620320162377
ALGN;CDNS;0.028001650972215856
CVS;EMR;0.028015493956719362
L;RMD;0.028017556696254064
LEN;NWSA;0.028049869391676096
IVZ;NTRS;0.02805435194023008
ADM;MRK;0.02806106855396581
AES;MDT;0.02807530543086663
AMD;WST;0.028082166775381823
ADM;WMT;0.028089418418882656
INCY;PAYX;0.028089440031684332
AMCR;NCLH;0.02809305393826801
AMP;TROW;0.028094940887121667
FTV;TER;0.028096887663046122
FRT;GD;0.028098374284903974
CVS;JKHY;0.028113502954393986
JPM;WM;0.028116999044902034
ADM;MAR;0.02811818424084047
CPB;PAYC;0.028130107950586035
ANET;MPC;0.02813091665465826
CB;MSI;0.028132649817609073
CRM;TAP;0.028136917840564782
CPAY;STLD;0.028154502596925403
BBY;WYNN;0.0281567307277491
CNP;SJM;0.028162655732224595
MSCI;TTWO;0.02818434382113812
CMS;ZBRA;0.028186534524289066
CRM;MA;0.02819638864125092
ADM;TAP;0.02821011030147674
INVH;ISRG;0.028212331332983443
ADP;DHI;0.02822709716196239
AES;KMI;0.028233755576488488
AME;PSX;0.028238058050780165
TDG;TMO;0.02824000904793227
APA;ORCL;0.028241500686317773
ARE;ODFL;0.028258400420091246
NEE;SBAC;0.028268390092995102
CMG;VST;0.028273981087704243
KKR;PFE;0.028282963593836214
CRL;WBD;0.028284066766253134
DOV;WM;0.028322414062726935
BLK;L;0.028327716760258068
CPB;FTV;0.028338996239336035
TAP;VRSN;0.028340793260593536
BMY;DELL;0.028342938897647826
CSX;JCI;0.028345110338063067
NVDA;WTW;0.02834654689044567
APO;ROL;0.028347841622041556
DELL;DOV;0.028354189193711507
JCI;PHM;0.028361753254976103
CVS;HD;0.028379219619535618
AES;SLB;0.028388122430722473
GE;WM;0.028388547200247298
APTV;KO;0.028391616910737345
LYV;OMC;0.028398192175487277
NVDA;WDAY;0.028398374810699255
AMD;MRK;0.028398443063399056
ADP;HST;0.028398856898208657
AME;GOOG;0.02843237703818317
L;LIN;0.028434880310790688
HPQ;SNPS;0.028451717411184393
CVS;ZTS;0.028459983485600554
CMCSA;EW;0.028479829644989067
NCLH;TMO;0.028521680447351646
GD;RCL;0.028530221382528306
MSI;PYPL;0.028575735385401403
IVZ;NFLX;0.02858884484829268
HON;MMM;0.02859028247422793
DD;PSX;0.02859321926305003
CNC;SBAC;0.02861015354506889
ISRG;KO;0.028611536874206044
MSFT;PSX;0.02862597149830675
RMD;VLO;0.02862930464288632
MKTX;NTRS;0.028663594902936202
AMT;SLB;0.028664313715970367
BKR;NOW;0.028669007526007297
GLW;MSI;0.028694931590569836
NUE;STX;0.028697724668257818
HUM;ZBRA;0.028704122773503288
DLR;GIS;0.028705283923502727
CSX;EQT;0.028724743405746236
ABBV;NOC;0.02874616347022382
GPN;UNH;0.02878986752693731
MMM;SYK;0.02880273217477717
EPAM;LEN;0.02881687342129252
KKR;KMI;0.02883912852257731
D;DECK;0.02884229246514537
FTNT;GL;0.02884746938939464
INCY;PH;0.028866633594590945
D;WYNN;0.028883370560283905
FTNT;GRMN;0.028891196619676124
CMS;ETN;0.02889945038380106
AJG;ALGN;0.02891564889214341
CVS;HON;0.02892537608052921
CNC;DXCM;0.02892923250663652
LVS;MNST;0.028941530841899626
PLD;ROL;0.02894347471538915
ETR;GBPUSD=X;0.028946859795113928
INCY;PSX;0.028953277662788515
UPS;VRSN;0.028960916095794886
INCY;PHM;0.028967774895126502
APA;CPB;0.028969132473974202
DECK;LW;0.028969211301725577
FTV;STZ;0.028983924159495068
NCLH;TRMB;0.02898482092860478
CBRE;GRMN;0.028984917481980295
DXCM;KEYS;0.028984976139594623
AES;NEM;0.028986935736147666
INCY;NWSA;0.028992031311571523
APA;APTV;0.028998530496043614
NOW;PKG;0.029005640960629804
COP;FDS;0.029009675216586275
AVY;UNH;0.029018529019237814
AVGO;CSGP;0.02903233569120022
AOS;GPN;0.02904460501581309
CVS;TER;0.02905598088595254
BAC;DHI;0.029061363351072966
CB;TYL;0.029076468667061674
DECK;PGR;0.029079516286238196
ADP;EL;0.029085990734111507
FE;GILD;0.029102169941135576
ADM;MNST;0.029102613861439048
CSX;POOL;0.029107295205619423
CI;CPT;0.02911463439834991
ADP;CI;0.029128796951052208
AES;EQR;0.029128958015453035
NWS;BTC-USD;0.029130405827626518
CDW;PYPL;0.029136396798038287
AVGO;MPC;0.02914715085654372
EBAY;FTV;0.029154482677065396
O;T;0.02915983747246483
CINF;META;0.029161567205760984
AES;AIZ;0.029206799402736194
MKTX;SI=F;0.02922953261576756
FRT;T;0.029243315116184002
DXCM;MHK;0.029266113349605397
DLR;TYL;0.029268763737595002
GLW;ZTS;0.029269756118164934
EL;L;0.029270173404911858
IEX;META;0.029279122482198387
DUK;EBAY;0.029284244582694137
CNC;MSFT;0.029290080638569832
MPC;PFG;0.029296779009324314
ADBE;LNT;0.029302762059675237
CB;IVZ;0.02931756420879454
LNT;ROP;0.02932217436588474
AOS;SHW;0.02932701923907806
CNC;CZR;0.02933548348867595
O;TRGP;0.029349856679150948
AMD;HLT;0.02935001138659419
RCL;EURUSD=X;0.029352174337057037
CPRT;MPC;0.029361560604993887
CMI;GBPUSD=X;0.029365231912285718
CINF;HIG;0.029369032906572345
APTV;HIG;0.029377008238547164
LHX;ON;0.02939449577388304
BXP;HAL;0.029395632797913365
APA;DXCM;0.029397987538272486
BA;PSX;0.029408701983541688
DELL;INVH;0.02941019326737212
CVS;LRCX;0.02941860510898892
CBRE;JPM;0.029429304068370583
FAST;SYF;0.02942998847639233
D;SNPS;0.029432523350687714
MRK;VRSK;0.029438354339297618
COF;OXY;0.029442537254116708
CZR;MAR;0.029444294384362423
BMY;EMN;0.029451167000913218
DG;INTC;0.02945738836593565
EXR;MU;0.029461402292928617
BR;UNH;0.029463871685421663
AES;VTRS;0.02946795720562532
BWA;EMN;0.02948835730667093
ARE;MS;0.02950598601039137
AES;HPE;0.029510263384264317
JCI;RL;0.029510980978381736
CE;NFLX;0.029511399949472848
CINF;VRTX;0.02951160641872261
AES;VMC;0.029522296424144376
APO;PSX;0.029525744846383425
IQV;LRCX;0.029526120067795425
AES;WST;0.02952981117006835
ALLE;HUM;0.029531392614617517
AES;BXP;0.02954599659623519
CI;LDOS;0.029550043494840486
JPM;PNC;0.029556324631397034
ADI;HII;0.029557385878985317
MGM;TYL;0.029560036767395655
CCL;DTE;0.029576938204755678
HWM;USB;0.02957757098984623
CSX;MRK;0.02958223026988743
AMD;WMT;0.02959605197174062
EPAM;IFF;0.02960107377926792
MA;MSCI;0.029606397008480966
CE;KHC;0.029614366770592617
EXR;SBAC;0.02962947743124511
MAS;MPC;0.029663080100736445
EBAY;MCO;0.029670193624301185
GPN;UPS;0.029695961935002256
EVRG;HUBB;0.029706576081811285
AES;EQT;0.029723429012713427
BKNG;DVN;0.02972881540572731
ETR;HON;0.029729218186508862
META;TROW;0.029734104713470398
BX;SLB;0.02973635666307836
MGM;MOH;0.029739831439652278
CE;CTAS;0.029740717041052175
BLDR;LEN;0.029748707388245376
RVTY;SW;0.029758902495739183
KKR;SYY;0.029762318528573223
ABT;AFL;0.029774778361190024
LOW;NDSN;0.02979005864669013
DVN;SNA;0.029795623113783608
ABT;ADP;0.029799397592330218
DXCM;ETR;0.02980289498992738
CF;FITB;0.029805029827696634
EXPD;L;0.029810307439030653
ADM;VRSK;0.029814292487796778
HST;RF;0.029821166898093113
KKR;WYNN;0.029830940542935728
ALGN;INVH;0.02986787315386031
RVTY;XEL;0.02987854178873819
CSX;LRCX;0.02989710269621686
CRM;CZR;0.029898889975650943
HAS;PWR;0.02991174389931911
AOS;SYK;0.029919233377257083
TYL;WAT;0.029920701128957464
AVGO;RVTY;0.029930689378892535
EXPD;PH;0.029934393084541797
L;META;0.029938810950470816
CRM;MPWR;0.029952187622255145
ADM;EL;0.029968788524057294
AMAT;HST;0.029968909461673247
EQR;ZBRA;0.029972828138856426
ADI;DHR;0.02999363849565757
GRMN;MPC;0.029997475274664814
ACN;WM;0.02999751420756978
MKTX;WRB;0.030000583665035496
AES;WMB;0.03000926099558766
BMY;VRSN;0.030013583545167463
DG;VLO;0.030020183070847334
EBAY;NDAQ;0.030023633061527347
JCI;WMT;0.030024567061311302
PNW;SW;0.030027319776149267
GOOG;ZTS;0.030034965428317323
AMP;CBRE;0.03004050888749079
KKR;TTWO;0.03004103836919734
EVRG;PCG;0.03005630897087209
WDAY;XYL;0.030075793039734372
EQIX;UHS;0.03008671630791224
C;TAP;0.03008838137801263
BRO;PH;0.030104570674924405
VRTX;EURUSD=X;0.030111869766262137
AAPL;MPC;0.03012807997307276
DXCM;LHX;0.03012831361585523
ALLE;CB;0.030134854128219642
MDT;O;0.030141613906460772
ABT;CI;0.03015293640562872
AES;ZBRA;0.030157091130796183
BDX;KEYS;0.030166125566249008
INCY;LIN;0.03016666561825651
PKG;TECH;0.03016968414209099
APTV;MCHP;0.0301735447952646
DXCM;MTCH;0.030184097721876756
GNRC;HII;0.030186459815674124
BKR;INTU;0.03018892751025738
CBRE;DOV;0.030216787761187913
CTAS;VRSN;0.030221368195058138
AWK;BDX;0.030224322885043797
AVY;MSFT;0.030250441348126385
HBAN;URI;0.030250662805807908
BLDR;WM;0.030251289163364337
AES;MO;0.030263950552617724
CI;GE;0.03027793394954476
MMM;TAP;0.03029688328779022
PFG;SHW;0.03030215607324936
AFL;INVH;0.030308957718436936
CZR;HD;0.030316191711970242
CVS;MNST;0.030322622774819074
EMR;EXPD;0.030323439604020168
FMC;IQV;0.030325859225802672
ADI;ON;0.030329946079477817
DECK;MPC;0.0303401587629167
AME;CI;0.03034566572067705
ADI;GNRC;0.030350314193960608
HAS;REGN;0.03038071716204288
AEP;CRM;0.03038141432175396
HWM;PEP;0.030406608842258837
CRM;VRSN;0.03041028196734058
A;ZBRA;0.030410635268310202
CSX;PCAR;0.030412639229129932
AES;GD;0.030415363499133107
AES;BKNG;0.03043272602195681
NXPI;GBPUSD=X;0.030441739467839565
ANET;LNT;0.030447452181309557
DUK;NXPI;0.03045681717212589
BRO;INVH;0.0304622783125838
DPZ;VTR;0.030464767295123273
AMGN;BIIB;0.03046567768203068
WDC;WELL;0.0304671897047164
GIS;WDC;0.030467443839527816
ADM;SBAC;0.030474580606816848
ADBE;PKG;0.030475836773308538
CINF;STT;0.030480861175381537
ADP;TXN;0.030480881865050862
RVTY;STZ;0.030489102258700062
CPT;OMC;0.030489520438222277
SWK;TROW;0.03049075725056809
CDNS;NOC;0.03049931040829967
BKR;MPC;0.030509176497331102
AES;PEP;0.030524799708251164
AES;BSX;0.030528098520152473
HSY;SHW;0.030530938905132875
NEM;OKE;0.030534109873787896
CVS;INCY;0.030536943503266897
ANET;CCI;0.0305507742679304
FICO;GLW;0.030561031556417786
AES;MKTX;0.030585103526291214
FTNT;PCG;0.030589022134285306
AVGO;ISRG;0.030598803870051303
ADM;TEL;0.030603611793286883
AES;PANW;0.030608289221489237
CCI;HPQ;0.030611507409253846
AES;AMCR;0.03061163849516961
AES;CHTR;0.03063793942141179
CVS;EXPD;0.030643978131853267
CVS;FSLR;0.030647804116745465
LVS;TECH;0.030661460246343347
AES;JBL;0.03066469934800833
IVZ;TAP;0.030672316169268913
AES;TPR;0.03067289305542131
TRMB;ZBRA;0.030674493547670937
CCI;PAYC;0.030680267744585682
APTV;BKR;0.030683605200659044
ARE;NOW;0.030685195186694752
AES;AUDUSD=X;0.030685796063918806
INVH;PCG;0.030688266569139432
AES;IT;0.030688837587043723
AVGO;ETR;0.030689909922689988
CVS;DOC;0.030722926217855724
DXCM;SYK;0.030724690209129615
HLT;INCY;0.03072470917902592
EBAY;KHC;0.030726248960387025
HWM;PPL;0.03076690827740946
DLR;NVDA;0.03076885471901132
FTNT;NTAP;0.030768928723690865
DLR;IEX;0.03077057256231983
BAC;STLD;0.030775837104776292
AES;UDR;0.03077752100484008
BAX;TMO;0.030779512497351568
CVS;MSCI;0.03079124920270721
ARE;HLT;0.030795545355434824
MSFT;NOC;0.0307956578976283
MSI;RVTY;0.030803974176778336
AES;EW;0.030811114055037774
CNP;PLD;0.030818864720464908
HSY;SWK;0.030824470702412024
HWM;GC=F;0.030833735075929684
D;LVS;0.030845540961025566
CB;CDW;0.030861910227171576
ADM;PSA;0.030869888821270314
NCLH;NEE;0.030883920057534375
PAYC;STE;0.030885991262023797
BLK;EPAM;0.0309052967597875
CCL;EQR;0.030910298713815416
BDX;TRV;0.030919575982235586
EBAY;NOC;0.030920463268129764
IFF;MU;0.030929459436697414
BMY;V;0.030929989752165418
CMS;PAYC;0.030940504782913523
DXCM;PNC;0.030943453004238775
C;CDW;0.03095599647857958
CBOE;UNH;0.030959994601875505
NOW;TROW;0.030963882042219233
GDDY;SHW;0.030966647775785686
ABT;RMD;0.030974642205070364
AES;SPG;0.030978914880501522
DXCM;PYPL;0.030980162200378344
AEE;INVH;0.030990813671288524
AES;IDXX;0.03101118594660105
AVY;C;0.0310129856744728
CBRE;HLT;0.031015291007718257
CSX;TFX;0.031015429956770257
APA;ECL;0.03101621980698433
BKNG;GWW;0.031032224278028136
ADP;GE;0.03103248771272756
GPN;INCY;0.031032677056356695
AJG;DXCM;0.03104002862806505
AMD;DG;0.031040839539866114
CSX;GS;0.03106430824361012
MTCH;TXT;0.031069448692284302
DHR;GRMN;0.031077726102065866
FTNT;WM;0.03108083315508908
CDW;ITW;0.031086832174020515
COO;ESS;0.031087677738514268
CSX;PANW;0.03109363498930765
INVH;KKR;0.031108500798871536
LKQ;TXT;0.031109913263715865
HWM;WY;0.031119166741581234
AES;MGM;0.031131111336272978
C;CRL;0.031133762715905504
L;SYK;0.03114161294117623
GD;NXPI;0.031148401504039275
CVS;QCOM;0.031160362335406592
CBRE;ROK;0.031160624151987847
LIN;MPC;0.031202748273221614
BDX;EL;0.031208759445845686
CNC;FICO;0.031220284917711776
MSI;NEE;0.03122714813517418
INVH;VST;0.031230634424208453
SPGI;TTWO;0.031244552007838138
CI;INCY;0.03125176446774568
CB;WTW;0.03125373378626805
MHK;WYNN;0.03126683986153909
INCY;KKR;0.03128254882128334
PAYC;STZ;0.031286944549609445
AES;COST;0.03130269664846583
MDT;SPG;0.03130538272256715
TAP;TYL;0.0313107271465822
AES;IBM;0.03131126080017916
HCA;KMX;0.031332846052652255
FICO;INCY;0.03134211793033711
ABT;CPT;0.031351776872314864
AMD;TGT;0.031356108225442186
SWKS;TSLA;0.03136227452267004
KKR;MCD;0.03136760672410482
ADM;PYPL;0.03136891387260478
BG;COP;0.031382548296409116
CTAS;DD;0.03138690902795089
BIIB;FITB;0.031387742969662395
LUV;TRV;0.03139288844427506
SWKS;ULTA;0.031394766837202576
ADM;HIG;0.03141120100253095
ADM;TRMB;0.031414436132803834
AEP;IEX;0.03141474454015964
CI;UPS;0.0314197504775453
ALL;AMZN;0.031423466454918635
INVH;TAP;0.031431912773922537
CB;NEE;0.031433927134976315
ACN;CZR;0.03143514527130273
AES;BEN;0.031441011115235236
JNJ;KMI;0.03144524696017676
ADM;WDAY;0.031455457574361724
BKR;RCL;0.03148471261603881
MPWR;MU;0.031505624535757726
EMN;MHK;0.03151162819978901
ARE;JPM;0.03151925260007872
BA;UPS;0.031529376607975494
JCI;NWS;0.0315387721875472
AES;AZO;0.031543673689576966
CMCSA;MCK;0.031545823013397006
ES;GDDY;0.03155321505797205
PEG;TXN;0.03158312287671291
ARE;NWS;0.031595425386906975
CBRE;DE;0.03159948840613796
A;TDG;0.03161873882429615
AMD;ENPH;0.03164403554841487
CMI;RVTY;0.03164858513853799
CSX;ENPH;0.031651508255578796
APTV;GDDY;0.03165297736922875
CRM;PLD;0.03165379372127458
AMD;APD;0.03167702582274466
EXPE;VTR;0.031694276284906515
FIS;GBPUSD=X;0.03171763951928368
DPZ;MDT;0.031727468022083705
BDX;SYK;0.031728984475765366
CVX;URI;0.031731876673238846
AVGO;SPGI;0.03173779058057147
SWKS;TSCO;0.03174953601380499
KEY;VRSK;0.031753310382870444
IFF;TER;0.03177792703292132
GPN;STT;0.03178294820714795
XOM;ZBRA;0.031784315038642735
MOS;NCLH;0.031786371487531315
FTNT;VRSK;0.031788280392222916
LULU;TFC;0.031791665332715935
INCY;ITW;0.03179604038101623
CDW;CI;0.03179710595048771
AES;BX;0.0317991462759217
DE;MPC;0.03181054447024774
EMR;SCHW;0.03183616590541191
AIZ;MDT;0.03184317944548167
ADM;MMM;0.03184854049279153
ADBE;MPWR;0.03185071119786519
CCL;ECL;0.0318642451061726
KKR;MSI;0.03187738316913557
ADP;TEL;0.03188389993523264
AEP;PYPL;0.03189103119740729
XEL;ZBRA;0.0318948563372306
CB;NXPI;0.03189733545209709
AVGO;MHK;0.03189942001464034
AES;ESS;0.03190550523589628
AVB;DVN;0.031919632831256
AES;GEN;0.03192018242669157
GOOG;ITW;0.031925199950312406
ACGL;GEN;0.03192810415629125
DVN;SPG;0.03192849350272555
BKR;ISRG;0.03192889395237527
NWSA;BTC-USD;0.03194557153595873
FTNT;ITW;0.03195464872425659
BLK;CCI;0.0319706686069135
FTNT;PSX;0.03197592025709375
ANET;TFX;0.03198138299406867
STE;TAP;0.031982135368375
BRK-B;TXT;0.032005178438940435
APA;AVGO;0.03200801746023731
COP;XOM;0.03201306888273744
ADM;LII;0.03203368624693968
DE;MAS;0.03203648873393029
CNC;INTU;0.03203685341911097
CSX;STX;0.03205210411255727
AWK;LEN;0.03206391407993902
MPC;RMD;0.03206556320347309
ADM;CB;0.032067987209753936
TSN;VLO;0.032075384792276986
SYY;BTC-USD;0.03207631676689632
AXON;WAB;0.032076720484691616
O;SBUX;0.0320890005153559
AMAT;TAP;0.032091953147697576
INVH;UAL;0.03209464372625245
HWM;RSG;0.03209468685257779
EA;IBM;0.03209914368280816
CBOE;NOC;0.03210948591363486
AAPL;CMS;0.03211828026311088
GOOG;MPC;0.03212884011402388
C;NEE;0.03213349942930633
BX;CCL;0.03213941901126393
BAC;ODFL;0.03214140654830266
A;NEE;0.03217085798161159
NI;PAYC;0.03217873264667924
AVGO;ELV;0.032180887085871385
D;GOOG;0.03218252508625298
BEN;BX;0.032183045473422996
FTNT;PH;0.032191381299434205
CVS;KEYS;0.03219785606362993
AES;MOS;0.03220131557250995
ADM;WTW;0.032216176233135586
C;DD;0.03221762945802556
AES;DLR;0.032222596262819904
FITB;VLO;0.03222580596331063
AME;ANET;0.032236636910588014
AAPL;AFL;0.03223814715377774
META;MSCI;0.03224810659306591
NOW;UPS;0.03225668777634828
L;TER;0.0322624421638143
MHK;PYPL;0.032285953199083915
DG;MPC;0.03228739069235533
L;BTC-USD;0.032290227262208766
CVS;ISRG;0.03229632748619032
MKTX;WFC;0.03229909002866739
AMD;ZTS;0.03230579027435324
MCO;META;0.03231682550747839
HAL;NCLH;0.032320287867002924
BLK;EXR;0.03233713287290931
MCD;TECH;0.032345127597367684
KMI;PNR;0.03236806278347502
MS;TXT;0.032381335517021964
NXPI;TECH;0.032389621481840394
TECH;TTWO;0.03239272051140146
FMC;META;0.03239326324632849
INCY;NWS;0.03239347695034783
AME;KMI;0.032393666276724825
F;FDS;0.03240143917325274
BAX;GBPUSD=X;0.032407184636668765
LMT;LYV;0.032413044806907855
ADM;UNH;0.03243512942205008
CNP;IQV;0.0324352155888452
BAX;TECH;0.032438361446770016
MSI;PGR;0.0324383806485489
AES;DRI;0.0324439584288356
AES;STX;0.03244497754852842
AES;GPC;0.03246196233262026
HWM;RL;0.03246472994812442
AAPL;PSX;0.03248294236036554
AES;LUV;0.032484975525583826
DXCM;VRSN;0.03249915309557707
FTV;TMO;0.032512561324281194
ADM;MPWR;0.032517958991252524
AES;COO;0.03252070053429432
AES;EA;0.03253009978004121
AJG;PNC;0.032534872249293835
HON;NOC;0.032536338948547204
CDW;ZTS;0.03253979992970948
EMN;IQV;0.032545191638101705
CB;ROP;0.032548120726657775
PLD;WDAY;0.03256440171457014
NCLH;WBD;0.03257211093453212
AES;DIS;0.03257284784558212
CCL;IBM;0.03260831298338825
BIIB;MDLZ;0.032609624461501716
AES;TT;0.03261635325929889
DXCM;META;0.032625034953254035
TAP;WYNN;0.03263237467738384
CFG;UNP;0.03263964556983834
DVN;JBL;0.03264123199573618
FICO;MSFT;0.0326442997055099
HWM;QCOM;0.03264503057811985
BKR;CE;0.03264717485689401
CSX;QCOM;0.03264871067128082
CVS;PYPL;0.03266177262486597
TECH;YUM;0.032666191528494655
D;MAR;0.03266667101750383
CNP;UPS;0.03266994828885607
CSX;NEM;0.03267162150214096
CRL;TDG;0.03267635022236676
DAL;KEY;0.03267835429092705
JNJ;MSI;0.03268547987055682
CB;CDNS;0.0326855826880131
GPN;PKG;0.03268868684413141
CSX;HSIC;0.03268898546779024
ATO;KO;0.03269219451370749
META;WTW;0.032695708426861175
CSX;TXN;0.03269809164094655
BR;L;0.03271111975749052
META;UHS;0.03271422160588252
CPAY;PCG;0.03272615509271531
ITW;NTRS;0.03273372569548987
AJG;MNST;0.032737650163191405
BXP;WDC;0.03275760096248693
DTE;GPN;0.03276489831118965
EMN;FSLR;0.03276722212628278
AVY;FSLR;0.032772753823230305
CVS;POOL;0.0327733392212241
AES;WDC;0.03277951142270365
TYL;WDAY;0.03278524916026393
CVS;MSI;0.032785448411079
MCD;MSI;0.03278902930099217
INVH;SHW;0.03279237962597631
BKR;ED;0.03279382258237726
MMM;PFG;0.032793902159589855
CMS;EBAY;0.032795278275027887
CMI;NOW;0.032799533397462874
BKR;LDOS;0.032832156367763835
AES;HRL;0.032836014277184813
CSX;F;0.03285703287144872
AES;HAL;0.03287803024052341
CNC;HIG;0.03288701790253255
CZR;WM;0.032890945799785146
AES;GC=F;0.03289130112516366
GDDY;MAS;0.03291858626220224
INCY;SWK;0.03292813165084291
SYK;TRV;0.03293286057844532
GPN;PSX;0.032938787332382445
AES;ORLY;0.03294771828358687
RJF;TRV;0.03294800954750606
EQT;MDLZ;0.032950108141039616
KKR;TPL;0.03295259589346101
BX;EA;0.03295558051380167
PKG;TAP;0.032982834994318914
DUK;RCL;0.03298468571199715
AES;MAA;0.032990281083075806
DXCM;PKG;0.0330002706854104
CSX;SNPS;0.033001234347486315
AES;TRGP;0.03301473432644952
BRO;NSC;0.03301622852907744
AVGO;TAP;0.033017410444236145
CPRT;DHI;0.0330220252657163
HLT;HST;0.03303266447042222
STE;EURUSD=X;0.03304348734158927
ABBV;CNC;0.03304360103841616
AMD;MGM;0.03305822218059143
AES;HCA;0.03306057709008644
ATO;EQIX;0.033065662408118555
AMD;EQT;0.0330852665193962
OXY;STLD;0.03309353834131696
AES;PSA;0.03309484007885708
ADM;CCL;0.033100560106111045
AMD;CPRT;0.03310587448800901
BEN;IT;0.03311170569380754
CNP;CPT;0.03312040790689198
ECL;TDG;0.03312792217381187
ABBV;TXT;0.033131640648995715
FIS;STE;0.03313287588697251
KO;SLB;0.03313328918906933
HUM;PGR;0.033157329030118234
CMS;RCL;0.03316137294774097
HLT;IR;0.03316191565751249
CSX;KMX;0.033171352690617724
L;NSC;0.03317375888129367
AES;BALL;0.033175495655024534
BSX;BXP;0.033191582423965665
AMD;MOH;0.03319518950641803
DOV;MPC;0.033195360510616924
ON;PEG;0.03321808923680443
BF-B;CPRT;0.03322744968416956
FRT;PEP;0.033229556717863755
BWA;KKR;0.03323639855673725
ES;TDG;0.03323762875538702
AEP;GDDY;0.033245147860540336
GPN;MGM;0.033259227141255815
EVRG;WFC;0.033269698025823656
AME;MPC;0.03329856893864057
FIS;KKR;0.03330374289788155
AES;CSX;0.03330852926838493
SCHW;VRSK;0.03331270270860209
LIN;NOW;0.033322032162090606
ETR;PFE;0.033323669892473026
KEYS;TDG;0.03332603337569076
ABBV;TAP;0.03334260976444928
AES;CAG;0.03335234408890216
ADI;L;0.03335979577421479
ADM;BLK;0.03336425522717606
AES;TJX;0.033367889142806605
MKTX;PEP;0.03336901089480295
INTC;PEG;0.033378515934333705
AES;FFIV;0.03340039498415904
MS;TROW;0.03343006059938321
MMM;NTRS;0.0334445250010187
CSX;GPN;0.03345415181946363
INCY;RJF;0.03345835935775401
ATO;DTE;0.03346811755421416
STE;TMO;0.033488646651326226
ES;TMO;0.03349309236175816
ADM;WYNN;0.03350245063300742
NTAP;BTC-USD;0.033520620286157946
CSX;PWR;0.03352101214225614
BDX;DECK;0.033527793801222276
CPT;SPGI;0.03353528734563739
KIM;UDR;0.03354043412412273
AVY;MHK;0.03355707888079109
PFG;SYK;0.03356821929809477
FTV;IFF;0.03357405456276634
BR;SWK;0.033575529240728326
ROP;SPGI;0.03358311106732148
CNP;HCA;0.03359928573946593
OMC;XYL;0.03361416419642245
MHK;PODD;0.03362169128135995
SHW;SWK;0.03362956770615218
FANG;FAST;0.03363092387822791
HPE;SMCI;0.033631706442210266
AME;DECK;0.033633694507255237
ICE;UPS;0.03363452031062416
LNT;MSCI;0.033642407620215746
DELL;TXT;0.03364577132107761
EMN;MPC;0.03367171601973673
AES;KIM;0.03367342881682567
NOC;SWK;0.033680104758865105
CVS;FTV;0.03369190138539914
HSY;MSFT;0.033714710931739666
CDW;NTRS;0.03372162827607352
EXPD;NTAP;0.03373456509675721
INCY;SHW;0.033738858679069735
ADM;EQR;0.03375161519489569
AMD;MAR;0.033768715694441176
AMD;MPC;0.03378554471913725
APO;NXPI;0.03378846554171921
EQIX;PLD;0.03379031990296017
AAPL;WMT;0.03379737218325245
EPAM;PPG;0.03380933561565541
O;TSCO;0.03387276452913853
CVS;SBAC;0.033873623279513716
EBAY;KO;0.03387381054921448
AAPL;TECH;0.033879931320596725
BRO;TXN;0.03388573088694231
GLW;IVZ;0.03391926373048272
JCI;WEC;0.03392334743197534
CBOE;KKR;0.033928856848577285
ADI;BRO;0.0339317869165246
CMS;GBPUSD=X;0.033936807874529976
ITW;KKR;0.033959530001448794
CVS;INTU;0.03396567075499807
ALL;WMT;0.03396879327507714
BEN;ORLY;0.033969018472782046
GD;WTW;0.033972541083022785
GRMN;TEL;0.03397777896506923
ARE;CBOE;0.03398816592454564
BDX;CI;0.034027464152242844
BDX;C;0.034031532381880086
ANET;WM;0.034031653569718025
ALB;OMC;0.03403342142615976
NTRS;PPG;0.03405077172217443
ATO;WAT;0.034053869429402306
APD;BRO;0.03406550031440405
CI;LMT;0.03407141948251035
INCY;PNC;0.03407355323689808
CSX;RCL;0.0340773811399841
CVS;NRG;0.034081721976586224
ORLY;TJX;0.03408704571421624
LNT;META;0.03409060302273913
INVH;RMD;0.0341075181172989
EBAY;FMC;0.03411359556560646
CPT;PAYC;0.03412302155025825
NFLX;UPS;0.03416590301992706
CNC;NXPI;0.034172853948678285
O;TT;0.03417462905015517
CSX;KDP;0.03418106992139689
DOC;EFX;0.0341983945139234
NVDA;UPS;0.03420163466915776
INCY;SCHW;0.03420487439946116
AVGO;GPN;0.03420571205712756
EBAY;UPS;0.034206317401256806
OMC;PODD;0.034210658840556775
AKAM;ESS;0.034218845276995626
CI;SBAC;0.034221496602932444
BAX;CPB;0.03422521763739417
AMD;GE;0.034230071211415566
EXR;RJF;0.034234614122851274
AMZN;KMI;0.034239037082564185
LMT;UPS;0.034246292045335525
UDR;WTW;0.034247799238457076
ELV;LIN;0.03424830421216481
CNC;INCY;0.03424978538904365
EBAY;IT;0.034255747598488276
GLW;PFG;0.03425915424038927
CVS;V;0.034274769241834195
APA;WEC;0.03427674102188699
HSY;INVH;0.03428447638293573
HUM;NCLH;0.03431568654687496
HST;MET;0.0343277709255928
EQR;MOS;0.03435335879514833
ADBE;TAP;0.03435560533581505
NCLH;ZBRA;0.03436683022840861
NCLH;ROL;0.03436929319165437
IEX;KKR;0.034369650671476355
CSX;VRTX;0.03437202683222743
CNP;EQR;0.03438760616839005
PAYC;TAP;0.034390314905157766
FRT;WTW;0.03439654979635889
CCL;COO;0.034409707802337965
NXPI;STT;0.034421940745918804
BA;V;0.03443193169166806
SWKS;ZBRA;0.03443585850546114
IQV;RCL;0.03443946227688032
DHR;WY;0.03444958903158936
BKNG;TSCO;0.03445459164663509
PG;RL;0.034468529220602256
CBOE;MSFT;0.034468827919934636
APO;BBY;0.034469316659332824
DOC;PCAR;0.034497174934079874
BLK;HLT;0.03450002825630408
HRL;SNA;0.034502447417648546
ARE;RMD;0.0345303279736783
CVS;UNP;0.03453686486343721
INVH;MAR;0.03453709014131223
BMY;LHX;0.03453842129750024
ANET;LW;0.03453961941979032
ETR;LDOS;0.0345406161725982
PTC;SHW;0.03455759173319257
HIG;SW;0.03456399098059384
FITB;MS;0.03457410031116091
CI;MSI;0.034574861566123084
INCY;STLD;0.034578473258139696
CDW;PODD;0.034584964277608
CSX;NFLX;0.034600545973858914
AES;DVA;0.03460257620359363
ADM;SHW;0.034630328900793095
ADM;ITW;0.03463737326837796
KKR;PEG;0.034637629092395324
CRM;GNRC;0.03464667428642231
DG;RF;0.03464721737817778
FRT;REGN;0.034653363820094485
NSC;OXY;0.03465947393391502
AEP;TMO;0.034682863750897526
ANET;WEC;0.03468317834348438
CNP;GC=F;0.03468876095618012
DXCM;GOOG;0.03469746561968179
CVS;ROP;0.03469927921414508
CCI;NEE;0.034725247952859487
CINF;LMT;0.03473529810639001
FICO;ROK;0.03474137246915336
CVX;DG;0.03475469879795409
AJG;CRM;0.0347665776500849
ARE;TROW;0.03478406812879146
CTAS;TXT;0.034799757983517185
BMY;CDNS;0.03480004256995433
L;MSI;0.0348019489390102
CB;CTSH;0.03480604522985258
BKR;LIN;0.03482131899448969
DXCM;SMCI;0.03482321885415316
L;STZ;0.034834990319936
BMY;RMD;0.034835119664137895
CBRE;CME;0.034837702172388296
PKG;UPS;0.03484377776656354
AES;SWKS;0.034848291486689685
CMG;UPS;0.03487125817379528
HAL;SRE;0.034884293411684024
BX;EQR;0.03490037375058584
AES;CL;0.03491661732323127
TECH;TRMB;0.034919026589245436
ED;TDG;0.03492031275099429
AAPL;HST;0.034945521775718504
CMS;XEL;0.034953897619189746
CFG;URI;0.03495784478464669
DUK;GPN;0.034958550926956156
MKTX;TRV;0.034960949745286594
HPE;SYY;0.034961419146603716
AJG;BMY;0.03496973614232224
KKR;PKG;0.034984636537092814
KHC;ULTA;0.034987357321095626
FDS;RF;0.03498987274795309
UPS;WBD;0.035008255220539145
APD;DOV;0.03501494422936418
FRT;STX;0.035023119837615455
AMZN;INCY;0.035041519243176854
NWSA;SCHW;0.03505435530585412
NOW;SW;0.035059086961238314
ENPH;FANG;0.0350785231753572
EL;WM;0.03509422667282989
MU;PPG;0.0350944894766728
COP;INTC;0.0350947766530638
CZR;MPC;0.03510689169217169
AES;MKC;0.03510758636254915
ADP;PHM;0.03513548222354281
EMR;GM;0.03516200042053685
EQIX;TMO;0.03517491755721202
DD;NVR;0.035176204271681916
DLR;EURUSD=X;0.035180062518850114
AON;BX;0.03519012341860923
HUM;STE;0.03520272318620022
CVS;FE;0.03520773342058104
CE;TXT;0.03523932284178552
BKR;ROP;0.035273740502491435
CVS;MCO;0.03528748408822817
CNP;WBD;0.0352894373797362
CVS;FANG;0.03529310154311315
HSY;ROK;0.03531135464727682
HST;VLO;0.035316791554723274
CNP;RCL;0.035320848738573205
ATO;SYK;0.03532654463377735
BIIB;KHC;0.03533541792518099
L;PH;0.03534292843026024
CVS;WM;0.035348100929363184
BRK-B;PNC;0.035350908659342976
STE;TDG;0.03536005752800777
FTV;PYPL;0.03537270874571605
J;URI;0.035413029015783505
IRM;UPS;0.03541486200766508
AES;HSY;0.03542706124488628
BAX;C;0.03542804586738964
BDX;PFG;0.03543248749115041
DXCM;GOOGL;0.035437232530431594
ARE;TRV;0.035440176463063466
CDW;NVDA;0.0354515042298417
PG;ULTA;0.035459589798492314
CVS;NOW;0.035462260784539935
CCI;WAT;0.03546469132271094
MDT;VTR;0.0354826242754311
ARE;TEL;0.03548292977304974
AES;GIS;0.035495041862764705
APTV;UPS;0.03552436429333692
CI;IQV;0.035543028337917594
BMY;ISRG;0.03554369321635556
AMD;TXN;0.03554458378077465
BMY;HPQ;0.03554470690079752
MCHP;STE;0.03554727746518018
STZ;GBPUSD=X;0.03557740243310596
CSX;TJX;0.03558729287534518
EMN;TEL;0.03559363109770127
KKR;SBAC;0.03559552847846737
EW;MGM;0.03559823330704133
CVS;JNJ;0.03561722308493297
ADI;AJG;0.03563845829969521
AAPL;HON;0.03566659449088938
DECK;MAR;0.03567065597877488
BSX;KR;0.035671201891436397
OMC;UPS;0.03568875495864749
ED;RCL;0.035692179829809066
HSY;MTCH;0.035699510151107054
JPM;PSX;0.035719193878659086
DXCM;PAYC;0.03572113443293807
FRT;GS;0.035742023023884587
MKTX;MTB;0.035756568205226914
HON;INTU;0.035759795958698555
C;INVH;0.035763854082428416
DXCM;NEE;0.035763878188356316
CCI;ELV;0.035768960765002196
GNRC;PCAR;0.03576929700930704
DUK;TECH;0.03578723711262035
KEYS;KKR;0.03579837493568927
ESS;TSLA;0.03579887175770254
MSCI;OMC;0.03580962751503477
ADP;MNST;0.03581529405554646
DECK;ELV;0.03584051631318316
HSY;INTC;0.03584409837163842
ADBE;C;0.03586199413349219
C;EBAY;0.035863455595970165
CSX;FAST;0.03586766663037531
LLY;TXT;0.03590810083134044
NCLH;NXPI;0.03593141186752119
SW;WYNN;0.03593362469973162
HST;SCHW;0.03594927872772403
FTV;TFX;0.03595453555898026
HSY;PH;0.035954662079863656
CVS;MAS;0.035959019313197574
BDX;STZ;0.035971685300366055
TDG;UNH;0.03597868588260316
INVH;UHS;0.036014687013086195
PCAR;PFE;0.03601491486387352
C;ROP;0.0360168936407295
CDW;IVZ;0.036017424285301074
PCAR;URI;0.03602256971270619
KKR;ROL;0.03602280120661101
CRM;VLO;0.036033661997982726
MPWR;PYPL;0.03605125229310864
FRT;SPG;0.036051620938120796
ITW;MU;0.03605261902191448
JCI;NTAP;0.03606444901512733
CSX;UAL;0.03609499138547053
HSY;STLD;0.03609776738141985
ADM;PGR;0.036101673082213265
ABT;BA;0.03611331823297632
PKG;EURUSD=X;0.03613812271909841
DLR;DTE;0.03614991703206627
BKR;JNJ;0.03615158269583991
DLR;RVTY;0.036160227675754164
AEP;JNJ;0.03616068714719448
INVH;UNP;0.03616180153136945
JBL;WDC;0.03616981407862942
INTU;TDG;0.03618154330298409
EA;TRGP;0.03619115402881776
OKE;TPL;0.03619450837645509
L;TTWO;0.03621146514830744
LRCX;TDG;0.03621406096640728
AEP;SWK;0.0362151783616129
BA;XYL;0.03621858973845326
CDW;FMC;0.0362252369675936
BBY;DECK;0.036249940784620724
DLTR;INTC;0.03625679906729059
CVS;IFF;0.03626421436765796
ZBH;SI=F;0.03627495752176792
LYB;OXY;0.036278573883886556
KKR;SCHW;0.03628054479016072
DE;HST;0.036282225213426805
ALB;TAP;0.036285988070610856
AJG;PSX;0.03629149105097969
ACN;INVH;0.03629166499076813
PSA;TSCO;0.03629237986222674
BX;GPN;0.03629408867172245
CVS;SYY;0.03629831516405558
VMC;WST;0.03630773149784146
CDW;TAP;0.03630780299501283
DXCM;ITW;0.03631224569426531
ADBE;D;0.036333904895739184
NVR;TECH;0.03636656649382966
CSX;IT;0.036375889276372524
GDDY;HST;0.0363849373738076
CSX;NKE;0.03639287970903216
ALL;MMM;0.03639409610463098
GEN;GIS;0.03640206316439577
AMD;CZR;0.03640276456966897
ADP;LKQ;0.03640457267158541
ABBV;INVH;0.03642183882750724
CPRT;GL;0.03643123668435066
ADM;KO;0.03643725293690099
AMD;PAYX;0.036440634459892006
EL;INTU;0.03644516836305282
NUE;SYF;0.036451482880499333
BBY;MAS;0.03645220317052314
L;XYL;0.03645317351481145
INTC;SYY;0.03646665937178554
CSX;ESS;0.03647244202018748
CPB;LYV;0.03647719948875608
DG;TXN;0.0365090029464918
ABT;EXR;0.036512405646121966
MCHP;PAYC;0.036525359316128464
GD;KMI;0.036528914239027425
IT;TT;0.0365348816233145
ECL;ED;0.03653519621042888
CNC;MMM;0.03654003793095114
ENPH;RF;0.03654334231228812
BR;CBOE;0.036546374595490344
FSLR;MPC;0.03654838408409085
HIG;NVDA;0.03656303141841228
MKTX;MPC;0.036568961034668855
AMD;ROST;0.03657060597143341
ANET;WYNN;0.036584217614995904
CNP;LNT;0.0365843036658805
CME;TEL;0.03659608801820436
ADM;HST;0.03659746007743155
HIG;WDAY;0.036617342887605105
CNP;DUK;0.03662494797570796
ADP;NFLX;0.036642873438944276
DLR;WBD;0.0366440780274397
PAYC;TDG;0.03664812393727691
EQIX;MGM;0.03666606597482387
SWKS;VTR;0.036668794610626616
EMN;SPGI;0.03668199272150284
IP;NOW;0.036685344422619844
LKQ;MS;0.036685510215173155
APH;NVR;0.03669665826671376
KMI;SPGI;0.03670105006268001
AME;PYPL;0.03673022759236688
NUE;SPG;0.036738539698272135
AXP;CTAS;0.036752552332601066
DD;NFLX;0.036754942938651496
ADM;CRM;0.03677656953813802
BRO;SWK;0.036776780946601445
NSC;BTC-USD;0.036789837453195647
ADM;ISRG;0.036798826813933545
DTE;TYL;0.03679962349365667
AMP;WM;0.03680245066693113
WYNN;GBPUSD=X;0.03682428933346596
HUM;LYV;0.03682676150800695
CAT;GE;0.036834667386528616
SWKS;VTRS;0.03683707766031801
MKTX;MO;0.03685318549137675
AJG;INVH;0.036860931798775094
BWA;TFX;0.03686135751863477
KKR;PLD;0.036866402792493064
NFLX;TMO;0.03687628226796466
HSY;TRV;0.03688279494126763
BALL;TJX;0.036883207458727404
CI;MHK;0.036889368915175656
RJF;WM;0.03688960614452788
BAX;UDR;0.036890751748862215
BAX;BMY;0.03689122745139641
CCI;TYL;0.036906759351994695
AFL;ICE;0.03691437938072091
ALGN;EXR;0.03692251369605495
AFL;NOW;0.03692262713989621
CB;NI;0.036923423228641325
EXC;INVH;0.03692797713330916
ADM;HLT;0.03693709418043859
FE;UAL;0.03694259266152397
IR;ROST;0.036943891028208796
INVH;IP;0.03696116786858261
JCI;LNT;0.036968642121638924
CPT;LMT;0.036969457855433055
EMR;INVH;0.03696969398130708
EQIX;TYL;0.036986162097313785
BIIB;BMY;0.036990234690218074
FICO;JKHY;0.03700748940329371
BIIB;ON;0.03701753324680476
GLW;RMD;0.03702013694871502
ALL;BKR;0.037037853829795825
BMY;MCHP;0.03704833066168324
RCL;SBAC;0.03704903343169936
STLD;TSN;0.03706197407996908
LII;TRV;0.03706330766060009
AOS;STZ;0.037064968285141386
BKR;LYV;0.03708733591472285
EL;PSX;0.03709237687387322
HD;HST;0.0370928349420917
HON;TROW;0.03712411885305072
CDW;MMM;0.037136259110521395
DXCM;NSC;0.037161800823319054
AMAT;C;0.03717972606935768
BWA;WBD;0.03718438356465622
DIS;WDAY;0.03720312042315738
ADM;GRMN;0.03720496641370814
HON;MSCI;0.037214754435589324
PEG;VLO;0.03721593931811815
AME;APO;0.037254534570522586
AMD;STLD;0.03728263454320712
ICE;VRSN;0.03728983452930362
HIG;KEYS;0.03730822633730362
BLDR;CZR;0.03730928683736104
BWA;TXT;0.03733783181334927
AMD;AMZN;0.03734241240392721
DXCM;WYNN;0.03734708357782129
ENPH;GS;0.037368956305655954
CRM;MSI;0.03739446729102162
SWKS;UAL;0.03739508135839922
J;PCG;0.037399527144986164
GDDY;TDG;0.037402184111435054
LNT;TRMB;0.0374022572544297
ADP;HON;0.03740540329763784
CAT;TROW;0.03741604569170851
CRM;V;0.0374160470278654
DOV;INVH;0.037420621206635925
FSLR;PSX;0.03742375436865369
EBAY;FDX;0.03743730595997276
ALL;WEC;0.03743960114289625
CBRE;EXC;0.03744058389766121
MAA;NCLH;0.037440646579323666
L;ZTS;0.037456789923472004
AOS;NFLX;0.037479977686652954
AWK;FSLR;0.037490380428180335
AJG;ANET;0.03749308141137618
SWK;WMT;0.03750986863991323
DTE;ED;0.037521869372499406
ES;JNJ;0.03752665637958263
MLM;MO;0.03752805431869175
CCI;D;0.03753572019652847
GDDY;ROP;0.037539845438194434
ADP;SWK;0.037550950871550706
ABBV;APH;0.037572001776908844
BBY;TYL;0.03758366537160836
APTV;IQV;0.037584050701633766
TDY;TROW;0.03758597404156905
DOC;ULTA;0.03759667754392978
AVGO;MAS;0.03761437916244392
CVS;LNT;0.03761774705615408
BDX;LIN;0.03763161709117579
MNST;YUM;0.03764377713499407
CPB;TRMB;0.0376533826071409
CHTR;NUE;0.037654068258280715
HSY;LRCX;0.03766293805889406
PH;PHM;0.037672704329412374
CTAS;PSX;0.03768209032156754
AVGO;HST;0.03769101931811006
EQT;OKE;0.037696169859093694
GD;STE;0.03770354584392724
CMG;NDAQ;0.03771082928617352
APTV;TMO;0.03771827519379914
AXP;INVH;0.03772000674308334
IT;TSLA;0.0377293956552301
MCD;WYNN;0.03773265860460203
CLX;D;0.03773591077737721
BWA;MA;0.03773606270374818
DHI;GL;0.037743375700979145
NCLH;RVTY;0.03775089122907781
MTD;NI;0.03775383365773334
AES;O;0.037755338423493205
CRM;IEX;0.03776181182856887
BDX;TAP;0.03777346512919979
CPB;EMN;0.03778084835850836
A;STE;0.03779069688249877
BMY;CNP;0.03779732355438972
ACN;PSX;0.03781364382863174
CVS;VRSN;0.0378293637672602
FMC;KO;0.03783103706037451
CVS;ENPH;0.03783285083755165
D;GRMN;0.037832877970848076
ADBE;TECH;0.03783483111575708
BKR;KO;0.03783550655220972
INVH;ZTS;0.03784145377043882
PSA;EURUSD=X;0.03785438189110887
MKTX;O;0.037875790814183206
HUM;NOW;0.03787603107084901
CRM;KKR;0.03787755462201304
BX;TDG;0.03787923627760963
PYPL;STZ;0.037888297877791216
GNRC;VST;0.037890014899799394
ADM;RMD;0.03789220366033979
AMP;AWK;0.03789525467825843
CZR;MNST;0.03790305655131609
CDW;SW;0.03791203941002832
ALLE;GIS;0.037922791587620824
DTE;MCHP;0.03793401358180279
NXPI;PLD;0.03795048055140611
FTNT;SMCI;0.03796165882725459
RF;SCHW;0.03797277300676067
DXCM;TXN;0.0379860441288983
GLW;JNJ;0.037987210246639765
UPS;V;0.037989367301808664
ED;MHK;0.03799784335527178
CSX;SO;0.038005843889259636
CSX;DLR;0.03800674257103535
INCY;URI;0.038012169053697344
CSX;WRB;0.038015843671357456
CME;CPRT;0.03801736499352245
AMT;PAYC;0.03802366725163821
DHR;VLO;0.03803000934907339
NCLH;UAL;0.038061427499012396
DIS;GILD;0.0380620969373095
CRM;CTAS;0.03807263255896339
CSX;FE;0.038081828413783346
AXP;KKR;0.038084483528125386
EG;TSCO;0.038091274664432184
GS;OXY;0.038100248403062774
BKR;META;0.03810556162486938
KEYS;NVR;0.038106366328797096
EVRG;ROST;0.038122541105359904
HSY;PFG;0.03812485375266504
KMI;MOH;0.03813056148217603
FRT;KR;0.03813572859955814
C;TTWO;0.038163616051775415
DECK;INTU;0.03818139694023496
CSX;MO;0.038188742118337574
KO;PKG;0.03819662506763717
ADM;GE;0.03820493840374739
AVY;INCY;0.038224552055563445
CB;UDR;0.03823741914712801
INTU;MPC;0.03824567067742321
BSX;NUE;0.03824909686496258
CME;EMR;0.03826697709277751
CCI;EL;0.03828661771021252
ALGN;EMN;0.03828941892062812
HWM;JBL;0.038299265160181895
GOOGL;MOH;0.03830610914720264
STT;EURUSD=X;0.03836039348442914
IQV;MA;0.03836884198288825
CB;ED;0.03837033626966258
ELV;GLW;0.03837192755661307
AVGO;PLD;0.03837578924325773
MHK;XYL;0.038380834309116124
CCL;TYL;0.038390441863610764
INCY;PODD;0.038399976803185576
ABT;TAP;0.03844652753826579
COF;STLD;0.03845282622859596
AVGO;IQV;0.03845694579911731
COST;SYY;0.03847972366974634
BKNG;ESS;0.03849165589002885
MKTX;VTRS;0.038502132758609
CNP;KO;0.03854932269273553
BAX;TYL;0.038552830162672753
PGR;TROW;0.03856508778304527
CSX;NDAQ;0.03857561444025554
EMR;PHM;0.03857666548814584
AMD;GOOGL;0.03857984619005472
BMY;CI;0.038598327716132176
HPE;LOW;0.03860210585411125
FTNT;INTC;0.038605425511850804
BX;CB;0.03860570615590185
LH;NDAQ;0.03861672312199557
PKG;STZ;0.038649999172626945
CL;NTRS;0.03865563431354299
CSX;MPWR;0.038661883347459666
ACN;BR;0.03866313582838647
ADSK;KMI;0.038666277077694614
HAL;JBL;0.038667458990239476
AME;NOC;0.038669172113594795
ALL;HON;0.0386786542679578
KKR;RJF;0.0386821310253782
ADM;DTE;0.0386890493003977
SYY;VLO;0.038699749843287085
MCHP;STT;0.038714170072704605
CSX;MLM;0.03873610609669631
PKG;SPGI;0.038766604495167875
CTSH;MCHP;0.03876734685811866
BDX;CBRE;0.03876876585164172
VMC;ZBH;0.03876997483777285
ORCL;ORLY;0.038780216722859785
IEX;TDG;0.038781534193177154
AAPL;L;0.03878576753129984
CMCSA;PEP;0.03879276640993055
EQT;LOW;0.03879295800553737
CVS;MTB;0.03879372722818155
BMY;MPWR;0.03879554059308311
ABBV;DXCM;0.038801668535756936
ADP;ALL;0.03883827822313137
ADM;BKR;0.038838598792409224
PYPL;V;0.03883927262010219
DECK;RTX;0.03887246909094565
BKNG;VTR;0.03887816423585311
HSY;RMD;0.03888499450213839
APD;TROW;0.03888538470063928
ADM;ROP;0.03888780164133056
ANET;EMN;0.038888887610254164
BXP;PSA;0.03890449326677378
AMD;GOOG;0.03890855281252409
CI;FSLR;0.03891445777664895
PAYC;WEC;0.03895167022406708
APA;MCHP;0.03895261903008275
CHTR;HCA;0.038956415749123625
CPT;KHC;0.038959704917947556
AWK;TER;0.038961009468907
CME;INCY;0.038971799970429516
CBOE;CTAS;0.03897311843523595
COF;LULU;0.038994308942910484
DXCM;FMC;0.03902296726768272
CSX;USDCAD=X;0.03902997716885348
CRL;STE;0.03903570591444678
DHR;SMCI;0.03904354814897772
MTD;TDG;0.03904631957010961
APTV;STT;0.03904881189705866
BSX;STX;0.039067905859368764
KKR;LYV;0.0390979986577552
FRT;ORLY;0.03911279517393434
AMD;TSN;0.0391347729640355
O;TYL;0.03913752789285577
AMD;VLO;0.03913971148878058
EMN;TTWO;0.03914119242735553
CVS;FDX;0.03915754003772737
AFL;AME;0.039158168831148435
PNC;WM;0.039159058662220934
HUM;GC=F;0.039179852975383
GD;GBPUSD=X;0.039186136484116035
ADP;EXPD;0.03919026605900794
CVS;LVS;0.03919094653089988
HSY;MU;0.03919255400207148
ADM;SLB;0.03919449428167024
CTAS;INVH;0.03919905208188564
JPM;TXT;0.03920208614751811
LYB;RL;0.03921301723934888
ADP;CDW;0.03921548971687211
MTCH;PSX;0.03922981939382575
CPT;V;0.039233281197276086
MNST;STZ;0.039235086736246254
AMD;HD;0.03923813762220858
FITB;PSX;0.03926219323112148
JKHY;NTRS;0.03926412117885691
KKR;PAYC;0.039270093057193915
EBAY;PLD;0.03929625669298725
ADP;ODFL;0.03929635830556508
DIS;FFIV;0.03933594557512904
PHM;WMT;0.039361885169413344
CSX;KKR;0.039363247515304685
PKG;ROL;0.03937503019494117
GLW;INCY;0.039381512707593214
BMY;IFF;0.03939155934585107
ADBE;ELV;0.03941040763025908
CME;LDOS;0.0394132430217567
ADP;FICO;0.039422062211590767
CHD;EFX;0.03943548348860056
CSX;WAB;0.03944011481984091
DXCM;PODD;0.03944084443806643
CVS;ED;0.03944325688917862
ALL;KKR;0.03944362166695496
GL;STLD;0.039449430622888464
DXCM;NXPI;0.0394616622414162
GOOG;HST;0.03946914218083779
DG;HST;0.03947656912869049
EXR;KKR;0.039486307661187395
CVS;KMI;0.039490824879127424
ALLE;T;0.03950314179858088
ADSK;UHS;0.03950775313233944
ANET;BDX;0.0395181585168997
DOV;INCY;0.03952058967690305
MSI;SWK;0.03953345295983288
BKR;OMC;0.039538802459516485
EQIX;XEL;0.03954784387023665
LEN;MAR;0.0395522453425669
IQV;NEE;0.03955670533007639
KKR;OXY;0.03956054611132254
ADM;PFG;0.03956575200646171
RCL;TTWO;0.03957021156551777
BG;HSIC;0.03957550532381452
BSX;VTR;0.03958028130145409
ECL;RVTY;0.03959097451282968
TAP;TFX;0.03960430793799922
CPT;TAP;0.039623402126784356
HST;WMT;0.03962859737905278
APD;MPC;0.039628603618127194
RF;URI;0.039635374041852196
AMD;FANG;0.03963734874771985
AVY;VLO;0.039637692119929416
AVGO;PNW;0.03963898509247771
BIIB;GM;0.039645337415359534
AXP;RJF;0.0396458297314756
ADM;RCL;0.03966276626419457
AAPL;NEE;0.039668141548680994
GE;TDY;0.039668174412021334
ADM;WEC;0.03967182467383477
MKTX;STLD;0.03968433381258481
GE;INCY;0.03969180385411201
AMZN;MNST;0.039698402356711335
BAC;EXPD;0.03970488733849737
AAPL;SYK;0.039720597573442776
ABT;ICE;0.03972643687292808
JPM;L;0.0397348336674768
AXP;MPC;0.03973630357405051
CDW;TDG;0.039738635320664795
BMY;META;0.039750137821781016
AMD;D;0.03975027052705564
CSX;DVA;0.039756349020619745
CSX;MDLZ;0.03976937862981633
NFLX;PYPL;0.03977607344617918
JCI;BTC-USD;0.039776187081314814
O;VMC;0.039777228361411086
ODFL;TEL;0.039785352967274756
APA;TRMB;0.039790341417880945
AMD;EPAM;0.039805327761279874
L;TECH;0.039825996027778074
BWA;KEYS;0.039832706146419844
CMI;ROP;0.03983442373894413
OKE;RL;0.039841167839429065
ADM;PLD;0.03985608935881483
IFF;IR;0.03985870056411077
BKR;NRG;0.03985948576644066
MA;TECH;0.03986779713665154
BMY;EBAY;0.0398729579869506
ADP;PYPL;0.03987421428862052
AVY;DOV;0.039875180140298616
DD;DOV;0.03987839518392392
CCL;IR;0.03988418286163114
ADM;AME;0.03988915217931044
NCLH;TECH;0.039895415883210064
CNC;CRM;0.039902301841951635
ABT;TDG;0.03991506003865904
ROP;TRMB;0.03991861205647305
ALL;CBRE;0.039921659104094544
AEP;TDG;0.0399290545251372
EMN;INTU;0.03994037011093804
CSX;ON;0.039952548822406654
ARE;WM;0.0399559536353046
C;DXCM;0.0399854208640045
EA;FFIV;0.03999077929884463
AWK;MMM;0.040011088191673545
LEN;VLO;0.04001318924690358
ANET;BR;0.040013603080423135
AOS;SW;0.04001436476535074
MPWR;NVR;0.04003246227770491
CMI;SPGI;0.040032946460678814
CPB;PKG;0.04004483827058519
HSY;ITW;0.04004551192584619
ADM;PAYC;0.040049593921522825
CSX;HII;0.040065527327659035
BKNG;JBL;0.04007647708801791
IP;RVTY;0.04008236453417776
ADP;TFX;0.04009498594433718
META;SBAC;0.0401036278321972
CDNS;CNC;0.04011175105902772
RMD;XYL;0.04011383482690715
AVGO;C;0.04012755127569128
BR;LIN;0.04013708181451121
NKE;PRU;0.04013992817772249
NEM;UPS;0.040147967086575774
ADI;PTC;0.04016248900006802
CVS;IQV;0.0401672669062971
KHC;TPL;0.040171799933851955
ADM;EMN;0.04017263058358528
FRT;ROST;0.04017452736535681
AXON;EIX;0.04017903784561752
CZR;HST;0.04018415393928412
ADM;CAH;0.040187630229023365
AVGO;UNH;0.04019196970256923
CDNS;TECH;0.040192902972756135
JCI;V;0.04019626154837615
DXCM;MS;0.04021087450663664
HSY;TEL;0.040212035718502
DXCM;MSFT;0.04021802187953134
AWK;HST;0.040218560565189854
ADM;D;0.04021862462362133
IEX;PYPL;0.04021919374946448
AVY;HON;0.04022902008715336
MA;TAP;0.040236734525405986
ADP;ANET;0.04023801653316169
CSX;OXY;0.04025181163537558
AXP;GE;0.04025243143235447
NDAQ;NRG;0.04025922847617286
C;FTV;0.04028202884396601
ALGN;MHK;0.04029728523381552
ORCL;VRTX;0.040307734333667286
AMD;CFG;0.040315001867381337
ARE;CTAS;0.040335837597707966
AAPL;INCY;0.04034756669360664
SPGI;TAP;0.04036384407355507
A;MNST;0.04036569228899773
ARE;STZ;0.04036943862646837
IP;TTWO;0.04037592137823597
GPN;ROP;0.04039193310460799
CRM;HON;0.04040527400110289
GRMN;INVH;0.0404204161761918
JNJ;NTRS;0.040421172314212724
EXC;EXR;0.04042682980663866
EPAM;FICO;0.04043894375238311
EXPD;PFG;0.04045297547823222
ADM;CI;0.04047121494548993
A;WTW;0.040475505709329423
ED;TMO;0.04048113278448997
ROL;RVTY;0.04048142904388627
MGM;GBPUSD=X;0.04049432162718121
CVS;NTRS;0.04049737989668492
AME;INCY;0.04049796224454191
DD;MPWR;0.04050190407884783
APTV;CI;0.04050462034430498
AOS;ROP;0.040514958191002176
OMC;WEC;0.04051579706964484
TTWO;V;0.04051597596425919
HST;MPC;0.040526493798736116
BLK;CAT;0.04053630023147525
CAH;INCY;0.040536599686732774
MKTX;NKE;0.040559002769015515
FTNT;HLT;0.04055924676666932
CSGP;DXCM;0.040568597293245565
EXPE;SYF;0.04056864235150397
GE;ODFL;0.0405731022945502
TECH;XYL;0.040586423092987725
CNP;DIS;0.04058754380984011
ADSK;DUK;0.04058757683703466
APA;PLD;0.0405897030553941
HUM;KMI;0.0405920354520662
CSX;WY;0.0405920476064446
HST;MSFT;0.04059306283676909
AXP;JPM;0.040603130310235915
INCY;ZTS;0.0406046168212551
ARE;NWSA;0.04061122721195958
EBAY;TDG;0.040621919909342254
TMUS;USDJPY=X;0.040635820579035614
ADP;BDX;0.040662327979980775
HSY;KLAC;0.040676474444038734
KKR;LVS;0.040695263690899895
CSX;NUE;0.0407007400434485
BDX;IQV;0.04070179235807473
KEYS;META;0.040714959340547176
DOV;ODFL;0.04071583458407732
DXCM;TDG;0.04071783575978161
CVS;MA;0.04074291263609994
CRM;CVX;0.040743054872291545
AMD;NTAP;0.040751812236126055
DLR;MCD;0.040755769567591534
ADM;ATO;0.04075981782999436
CVS;PFE;0.04076364066561112
NSC;ODFL;0.040767312558576935
GPC;VTRS;0.04077160791282856
D;MSI;0.0407717706563327
EBAY;NTRS;0.04078033877190873
AMD;NWSA;0.04078809070999214
HSY;TXN;0.040789222902314806
APH;CRM;0.040791582626206774
MSCI;TAP;0.04080749046760787
NRG;TROW;0.04081080886895531
IQV;MSCI;0.040823520584356496
CDW;LVS;0.04082736035675329
ADM;HON;0.04082896992308933
CAH;CRM;0.04083237084673554
KEYS;RJF;0.040834167125829025
DECK;MOH;0.04085687621082514
CSX;VTRS;0.04086947172345202
CMS;LMT;0.0408757681808696
AOS;GOOG;0.040879676635212824
ADM;BAX;0.04089278071580517
AMT;GBPUSD=X;0.04089842474115576
AVGO;IEX;0.040906301895753706
NCLH;PKG;0.04091604466365397
AIZ;PSA;0.04091695499292858
NDSN;STLD;0.0409184485321045
BX;ESS;0.04091954101641729
AMT;BAX;0.040920257187784824
NVR;RMD;0.04092665959327374
ES;ZBRA;0.040936822399156816
WY;XOM;0.04094775329343609
AMP;EXPD;0.04097193740691768
ACGL;FFIV;0.040975675031590574
EBAY;LYV;0.04098375274942326
META;STT;0.040999021674891924
AFL;APTV;0.04101475459809157
CRL;MCHP;0.04101799244397237
BIIB;HII;0.04102119331909583
FRT;ROL;0.041021657178521374
CMS;DXCM;0.041035981982799764
BKR;CTAS;0.04104164938125035
NWS;SCHW;0.04104453758546859
CDNS;V;0.0410642540119152
MCO;PYPL;0.0410750217539959
META;NOC;0.04108143498658521
ADM;ES;0.04108790146156658
PEG;TSN;0.04109452929259352
DVN;ESS;0.04110049122397712
CNC;FMC;0.04110504467147194
FTNT;PPG;0.0411061914159702
MA;MCO;0.04110877950274631
CDNS;MPWR;0.041128102282767164
HPE;IFF;0.0411282421914352
PYPL;WEC;0.041130873663499046
O;SPG;0.041139952733293884
MDLZ;MLM;0.041143241485579685
EQIX;FMC;0.04115524936471302
GDDY;SBAC;0.04115989950084634
CDW;UNH;0.04118045114193296
FDX;SBAC;0.041186039203571743
BDX;PSX;0.04119716512521279
ADM;PTC;0.041201497590411765
DHR;RF;0.04121004045031916
CNP;MAA;0.041219511784636925
NCLH;SI=F;0.04122409220248777
ABT;MPC;0.04122586780351185
CVS;WYNN;0.04123297470385706
CTSH;EQIX;0.04123331627168984
CRM;EMN;0.041233940258285154
BAX;WAT;0.04127325502442745
NI;TRGP;0.04127874587939983
AMD;NWS;0.04129910072675821
PTC;WY;0.04132066835443613
ADM;AOS;0.04132165535164917
PTC;VLO;0.041324577559261645
BWA;EXC;0.04133314485928546
ANET;D;0.04133624289658107
APH;DXCM;0.04133826639232116
BLDR;EPAM;0.04135606343381696
ETR;MSFT;0.04135721212193355
PM;WMB;0.04136404660910323
NFLX;TDG;0.04143167836818862
CDW;EMN;0.04143246724867038
FTNT;KEY;0.04143509851761766
DXCM;KHC;0.041440460921967175
LYV;PYPL;0.04144843347192155
AME;DXCM;0.04145090729788252
GLW;PSX;0.04145267794117958
AEP;FTV;0.04146853209311453
AOS;LIN;0.04147026607139082
BKR;SNPS;0.04147161926127189
AME;UNH;0.04148414494773706
CVS;TECH;0.041494337238998216
ADM;NVR;0.04151429531412657
GPN;NOC;0.04152954644832976
CME;ON;0.041534769059852886
DOV;NVR;0.04153697438958392
NI;TYL;0.041539800128422545
BRO;BWA;0.04156512555647819
CFG;INCY;0.04157307437967955
FTNT;LIN;0.04159318206097205
AJG;INCY;0.041604158797283596
MDLZ;UAL;0.04160483397787101
IQV;V;0.041646726738322495
CZR;LDOS;0.04166515945039226
BR;NOW;0.04166679855040801
AWK;MNST;0.041669647258631815
FDX;LYV;0.04167024058475098
MKTX;NDSN;0.041686608306292894
APH;BRO;0.041689996082600315
AAPL;C;0.04170891664528448
BMY;TMO;0.041710460534237055
JBL;SNA;0.041719318986374626
AMD;DE;0.0417246868883339
EMR;TSN;0.041728429618844036
APD;BR;0.04174606092643137
RMD;WM;0.041748981849163924
ADM;FDX;0.0417544019017859
ADBE;WMT;0.0417558986340351
FICO;KKR;0.04175987165728012
CI;PLD;0.04178453589306879
D;GOOGL;0.041791473365244754
APA;SBAC;0.04179741415774901
CNC;WEC;0.04181143231568094
EMN;LKQ;0.04181788335844096
TGT;UNP;0.041820037855770535
DPZ;ZBH;0.041821489147028316
MMM;ROP;0.041825447319021575
SWKS;UPS;0.04182640302905416
INTU;NOW;0.041837917471300654
CVS;PGR;0.04184122071398903
AXON;HRL;0.04184408141316465
AEP;RCL;0.04184673267193131
TGT;TXT;0.04185325894835452
NCLH;WEC;0.04185396286778797
BDX;TROW;0.04185464047328489
CCI;NXPI;0.041859498356638714
JBL;WELL;0.04186437486591159
BKR;KKR;0.04186706961795525
J;TSN;0.04187002484511659
HAL;SPG;0.041878137402186835
PYPL;TECH;0.041878533996985684
CRL;KHC;0.041880787469217404
CCL;EQIX;0.04188269935265561
DD;UPS;0.04188553787891333
ADM;DRI;0.041886642191341854
DLR;FRT;0.041891663524011497
ZBH;GC=F;0.04190171725672325
CVS;DECK;0.0419156308839647
ABT;AVY;0.04191677766857363
CNC;RMD;0.041919359816399014
JNJ;TDG;0.0419249495404284
JCI;SBAC;0.04193228956016576
BIIB;TXT;0.04193702658406812
HSY;MAR;0.0419425635593339
AMZN;PSX;0.041949362583324386
DPZ;WELL;0.04195021131778123
GLW;ITW;0.041950618180680944
MDT;REGN;0.04195134843399941
C;NRG;0.04195520539282364
SW;VLO;0.04195922568694423
CPT;HUM;0.04196000112896103
MKTX;RTX;0.04197545806527216
CB;SLB;0.04198111193361607
BKR;UPS;0.041994228586436845
ANET;BLDR;0.04199962293764191
MAA;GBPUSD=X;0.042000393201701035
CSX;DHR;0.04200296927269756
EBAY;ORCL;0.042011686665858805
AFL;PAYC;0.04202054738393433
BRK-B;LDOS;0.04205532236561289
APTV;KKR;0.04207281527671273
CI;HON;0.04207920246686146
SYK;TDG;0.042080340881424004
EBAY;STZ;0.04208649958644417
CB;DUK;0.04209562970074096
KMI;MSI;0.04211623536561485
AWK;UNH;0.042119669224283264
FTNT;TROW;0.04212176190746869
DLR;IT;0.0421257610219689
DLR;WST;0.0421270565519935
CRM;SWK;0.04213385018417942
CDNS;PLD;0.04213674355459053
KKR;RL;0.042137933517900655
ALGN;DXCM;0.04216654786140234
AIG;FTNT;0.042178526558485245
CB;KEYS;0.0422012977127625
MSCI;TDG;0.042219073864638766
OMC;PLD;0.042221902659748116
EBAY;TTWO;0.04222953904106848
LYV;PAYC;0.04223018956938761
BR;DOV;0.042230939064971725
FRT;MGM;0.04223099319200446
NEE;STT;0.04223223960598376
BKR;STE;0.04224784163078556
NOW;GBPUSD=X;0.0422506351654555
CMS;SLB;0.04225365639260771
IP;GBPUSD=X;0.042266827564937805
INCY;LHX;0.042267223898698005
JNJ;SPGI;0.04228897680338441
KEYS;PYPL;0.04230672899649564
DXCM;NVDA;0.04230914849905352
CPB;META;0.0423136885117517
ADM;PKG;0.04234839193389789
BKR;BWA;0.04236317932294083
FTNT;MTCH;0.04236341321252889
AMZN;MHK;0.04236760568268882
APA;META;0.04236977334483346
JBL;VTR;0.04238193914056335
SW;TYL;0.04238303582129325
O;SYF;0.04238874224300826
CMI;HST;0.04239743569049243
ALL;NVR;0.04240440817859429
BIIB;MET;0.04240460849666343
UNP;BTC-USD;0.04241119876074033
AVGO;EQIX;0.04241254345750374
SWKS;WAB;0.04241980770903272
AME;BR;0.04243017358020305
EMN;INVH;0.04243687628296194
GOOGL;ITW;0.04244572583142585
MCD;NXPI;0.042450169913321435
EPAM;UNH;0.042455891095639284
MSCI;MU;0.042456748434827496
ITW;TRV;0.04246662936745333
HPE;HPQ;0.04247632790889144
SWKS;WBD;0.042487964005819175
CAT;EMN;0.042494487395064236
BMY;NOW;0.042501080283621234
BKNG;SNA;0.04250173178647679
AEP;TER;0.04250835847472284
TECH;XEL;0.04251181166985166
FRT;HUBB;0.042522272608043914
MOH;WST;0.04252472734333816
NOC;RMD;0.042530076232704335
CNP;MOS;0.0425308758641584
ICE;RVTY;0.04253438508219512
AES;KDP;0.0425489989091676
CMS;WTW;0.04255261453321511
NOC;UNH;0.04255950714076553
META;TAP;0.04257898468150955
BWA;NFLX;0.04257946582407736
CSX;IDXX;0.04258445568296491
BAC;GRMN;0.04258602546396111
DXCM;SPGI;0.042594037356976956
CMCSA;MKTX;0.04260041976966695
ECL;NTRS;0.04261605255538977
DTE;MCD;0.04261903157822256
AEP;BKR;0.042619729877838776
DHI;WMT;0.042620334196579096
ADP;BLDR;0.04262406215066894
AOS;GLW;0.042628895810145666
TMUS;VST;0.042635214152194914
FANG;IR;0.042644503900678796
GD;UDR;0.042649554394665154
BAX;CSGP;0.04265400159507857
DLR;NXPI;0.042662533168759995
FE;LKQ;0.04266500939736357
AAPL;MMM;0.0426698775649011
DLR;GPN;0.04266990998670429
CMS;MSI;0.04267986953216881
MKC;POOL;0.04269742125884527
CHTR;AUDUSD=X;0.04270843740274233
ADM;IP;0.04273402191309515
EVRG;OXY;0.04273828900061356
INVH;NFLX;0.0427405571743014
KMI;ZTS;0.042741177903805015
BA;CCI;0.04274429122365867
GOOG;JKHY;0.042758271021754536
CFG;CSCO;0.04276044295813259
ADM;IQV;0.042762180135780974
AVGO;YUM;0.04277317264439604
CSX;MAA;0.04278678237999792
FICO;VRSN;0.042792518714333774
FE;PSX;0.04280512439811649
APO;NEE;0.042808088188303804
CPB;STE;0.04282172636288132
AMD;PEG;0.04282520475825325
MMM;WYNN;0.042825328279118564
MSI;PAYC;0.04282612256047194
HSY;QCOM;0.04283319834413394
ARE;PFG;0.04284216360627525
DOV;PODD;0.042843591223765944
CMI;MPWR;0.04284405300422272
MET;MU;0.04285730777032241
STLD;WFC;0.0428608530665688
INCY;TPL;0.042869428805612404
ADM;KIM;0.042870931911316926
BKR;BLK;0.042898728080898126
APTV;ROP;0.042906307910623415
AMD;LW;0.04291424951854371
QCOM;UNP;0.042914829790397784
CVS;CVX;0.04291613884712709
APO;C;0.042919158349301954
HSY;LW;0.0429204818437084
APTV;VRSN;0.04292303019294652
GE;PHM;0.04292677198726457
PSA;YUM;0.04292776712700612
INCY;MS;0.042928460029142614
AMD;LIN;0.04293030099021813
CNC;ISRG;0.042935905932505056
PNR;TAP;0.04293739152648513
MKTX;RF;0.042948345906206754
ED;MSI;0.04295405717592901
APH;C;0.042961831946139784
BBY;MCD;0.0429663061726289
GLW;MNST;0.04299926320477599
AWK;INVH;0.04300244127217349
CSX;FCX;0.04300645980658856
CBRE;NWSA;0.043009171177830534
APA;JNJ;0.04302581679014489
PSX;ROK;0.04303063449824368
HON;L;0.043044614772773396
ADP;BRO;0.043063744905986
APH;BMY;0.04306460568205903
BDX;BLK;0.04306647022202285
ADM;NEE;0.04307758266776329
CSX;MCHP;0.04308353526113692
BAC;MPC;0.04309969827859478
ANET;VRSN;0.043112551159878706
BALL;BSX;0.04311264712126508
GD;PAYC;0.0431236873649244
CSX;EQIX;0.043124948482974164
BDX;INCY;0.043139872862011285
KHC;VST;0.04314402449135138
HUM;NRG;0.04314736224158663
DG;TSN;0.04316006994759954
BF-B;UNP;0.04317657497710002
LUV;QCOM;0.043180543053496466
CDW;WBD;0.043184180553026454
D;FICO;0.04319314529024026
APO;WYNN;0.04320288736879462
CZR;PH;0.04320749804962692
ARE;CZR;0.04322346476916669
EPAM;NVR;0.043224453704163494
KEY;BTC-USD;0.04324032450274123
OMC;TTWO;0.043240824613667836
DG;INVH;0.04324195782956797
DD;TDY;0.04324783350083956
FICO;ROP;0.04325269228735782
JCI;NVR;0.043261603368462916
ETN;WEC;0.0432623517320431
BG;CF;0.04326504262382948
JCI;TSN;0.04326671909736906
ADM;SW;0.04326770918641532
AAPL;CRL;0.04327838630497062
GD;TYL;0.04328090478889274
CME;CVX;0.043280918461929975
MS;PODD;0.043315802145050646
ADM;AMT;0.043333547645523156
NUE;WDC;0.04335586464498954
MNST;NOW;0.04336110884291332
CRM;TROW;0.04336451663735758
ED;NXPI;0.0433665487023546
ADM;CAT;0.043368469647230755
ACGL;SPG;0.043371776871766334
GPN;MPC;0.043375902466437535
CFG;DG;0.04339778820053425
SWKS;SI=F;0.043429527939013675
HSY;SBAC;0.043432232343291945
APTV;ICE;0.04343244660751868
ABBV;LDOS;0.04344389416179789
NWS;TRV;0.04344475509280752
META;XYL;0.043457908230831344
CSX;ERIE;0.04346046532080313
DXCM;FIS;0.043463986504260484
EBAY;V;0.04346646324964284
BR;TEL;0.04348160115590957
HSY;WMT;0.043490203796548076
INVH;SCHW;0.043498214429888694
HST;MSI;0.04350124138177664
CHRW;CPAY;0.04353011079409716
NCLH;PAYC;0.043536422893662066
GPN;SW;0.043552777433699466
MSCI;RMD;0.04356777355434467
KEY;NDSN;0.043580276044746534
BDX;GLW;0.04361184787349664
AEE;TTWO;0.04363216234733236
AMD;BR;0.04363668674161141
PSA;SPG;0.043646138645315
FTNT;SHW;0.0436563481176785
HST;WY;0.04367177106683081
NOC;WEC;0.04368163491600013
AME;ROP;0.04368207227753931
LKQ;UPS;0.043689010407910046
ARE;SPGI;0.04369699927792213
GEN;OKE;0.04369894137088399
ICE;EURUSD=X;0.043700562855703826
EBAY;UNH;0.04370599143219128
RSG;WMB;0.043725889001659045
CI;CTAS;0.04374183108217269
SBAC;UNH;0.04374190473396652
HBAN;HUBB;0.04374347653110729
CZR;PHM;0.04375027048849673
EBAY;PSX;0.04375533737429613
IEX;NXPI;0.04375736333466877
BAX;PKG;0.043759158375573044
BEN;SI=F;0.04376142681655384
CRL;EBAY;0.04376272277940694
AVGO;GBPUSD=X;0.04376521557537856
PNW;UDR;0.0437652230148252
AMD;FSLR;0.04377803295170855
CTSH;GD;0.04378852148954427
BWA;UPS;0.043788629944462844
CVS;TTWO;0.043793975270985316
AZO;BXP;0.04379840673930014
CB;RCL;0.04380854746750656
DHR;INTC;0.04381168207721917
AKAM;TSCO;0.043832494147560554
DLR;ECL;0.043843385476173315
CMCSA;WMB;0.04384339106444167
COO;EQR;0.04384351260622388
APTV;EQIX;0.04385739186749268
INVH;MPC;0.04386775119117286
FTNT;MMM;0.043872978720383274
CI;TDG;0.04387999899632447
LRCX;TAP;0.04389819043863258
ACN;CBOE;0.043899633049000145
CRM;MTCH;0.043906704207464474
FSLR;INVH;0.04390692819504238
CMI;IVZ;0.04390895407749596
INVH;MMM;0.04391313997854332
LUV;SYK;0.04391629565703358
AEE;TDG;0.043916612968512896
HSY;LVS;0.04391971436229371
CBRE;ETR;0.043920892509398596
CCI;SYK;0.04392660004609488
NOW;ZTS;0.043928348605255206
EG;FAST;0.04392993787069948
APO;IEX;0.04393038137518264
HSY;MOH;0.043937446692633504
FIS;UPS;0.043938136040873134
PSA;USDCAD=X;0.04394295016215534
CVS;TFC;0.04395719122275094
CMS;KO;0.04398006961766838
INVH;SPGI;0.04398839193676748
CDW;MNST;0.04400136930350816
NRG;PSX;0.04400211981414814
MTCH;PEG;0.04400295024936868
FTNT;PAYX;0.0440392221583739
LNT;WEC;0.0440471141898099
AJG;PODD;0.0440526301281858
NEE;V;0.04405749212703162
MKTX;BTC-USD;0.044058427040555494
NFLX;TTWO;0.04406515150066337
EBAY;WMB;0.04407329794909596
HSY;MPWR;0.044092941011208385
AMD;CAT;0.044098937650930675
ICE;LMT;0.04411513210451151
ABT;BRK-B;0.04411927533301469
CSX;PNW;0.04413142814013051
MKTX;TFC;0.04414485228675827
INCY;WM;0.044148347623822776
JCI;LEN;0.044164842279411975
KMI;TMO;0.044171274049251794
EXPD;BTC-USD;0.04417267432622017
IR;LIN;0.044175945876031755
JCI;MSCI;0.0441829900575428
EBAY;WTW;0.044185257938291256
CMI;IP;0.0442040819279236
HST;PFG;0.0442209999825761
AON;DXCM;0.04424014653603875
EL;MHK;0.04425189150843745
ACGL;DIS;0.04425955654136715
AFL;KKR;0.04426162565500762
ED;META;0.044272305181254606
CVS;NVDA;0.044302779980221564
BMY;LDOS;0.04430681100611802
SW;ZBRA;0.04431177183577692
APO;TROW;0.044323846540945365
AMD;DHI;0.04433151927348384
CMI;STZ;0.04433367444395287
CBOE;GE;0.044344650373363416
KEY;NSC;0.044356040594559526
MET;ULTA;0.04436841876160484
SYK;TECH;0.04437604144979172
MHK;SWK;0.04437655255717081
INCY;NTAP;0.04438172698171127
ALGN;MCO;0.04439243585987267
ANET;UNH;0.0444180000342141
TYL;GBPUSD=X;0.04442203321713205
AME;APD;0.04444760292224872
KKR;RF;0.04444808433347157
IP;ROL;0.044448975312768306
EL;HON;0.0444504202005209
QCOM;VRSK;0.04445671179074986
EQR;ORCL;0.04446527303797989
CAT;CBOE;0.04447337962401683
NCLH;TAP;0.04448598764223748
L;MAS;0.04448726538228572
GDDY;ITW;0.044500907159772535
CSX;FANG;0.044501150804512064
HSY;WYNN;0.04450888926793511
RJF;TSN;0.04454294022043517
BWA;MU;0.044547240478145955
PSA;T;0.04457585066433916
AMZN;DE;0.04457622582125559
BXP;SPG;0.04459368658749226
ISRG;ROL;0.0446127731085128
EMN;HON;0.04462165532626465
ALGN;LNT;0.044625248471511454
CB;MCHP;0.04462744313088178
ECL;HUM;0.044633938172399905
PSA;USDJPY=X;0.04463662525388495
DXCM;IRM;0.04464265970555685
BKNG;MOS;0.04464389144319782
DOC;RL;0.04464907867716141
CDW;PFE;0.044659980176828484
EVRG;PPL;0.044676655471552126
PCAR;ULTA;0.04467944082277015
BMY;CMI;0.04468269222600391
ADM;CMS;0.044682993342142645
CAT;MPC;0.044685556702887264
ADM;TER;0.04469659995681188
RMD;ZTS;0.044698517744465815
GEN;VMC;0.04470063681452688
CVS;HBAN;0.04471250343482791
DPZ;O;0.04476263985001293
EMN;TXT;0.044775058716384146
LYV;WEC;0.04478098024418651
MCHP;TDG;0.04478186666235876
GOOGL;ZTS;0.044786883375995665
AWK;WM;0.04479345841134105
IT;WMB;0.04479386254590457
PSA;SLB;0.044809521078922394
APTV;LNT;0.04481053116734627
INTU;KMI;0.04481500979647749
KKR;PODD;0.04482223469832091
ADM;ANET;0.044829545231270564
IEX;ISRG;0.04484930465493313
AMD;MSFT;0.04485008349680772
ADP;MPWR;0.04485058531257234
KKR;ULTA;0.04485095697349779
AME;NVR;0.04485607928666956
CHTR;CINF;0.044864652968378424
ADP;AJG;0.04487678901612082
EPAM;WM;0.04487721091181167
HSY;KMI;0.044882945747665125
BAX;IEX;0.04489218303674866
BRO;ODFL;0.044935955828787844
KO;TDG;0.044937898865543405
PODD;UNH;0.04495525610976798
MHK;TRV;0.04495765281170817
MPWR;UPS;0.044965580785749554
CFG;VRSK;0.04499171350523524
AMGN;GILD;0.04500605344512491
JCI;MSFT;0.04501487137637678
AMD;GRMN;0.04501591329500193
ADM;SPGI;0.04505529907033935
CPRT;L;0.04505646228449701
JCI;MS;0.04508303284738688
APO;XYL;0.04508835771220615
AMD;GDDY;0.04508862977201394
ABT;LMT;0.04509288650254473
AIG;JCI;0.04510058408473844
INCY;TROW;0.04512283007621304
AJG;MPWR;0.045140286750901065
CPAY;FITB;0.04514302646278256
OKE;PG;0.04514573302897678
JCI;JPM;0.04519707461034115
SNPS;TECH;0.045218701848106314
CMCSA;DRI;0.04522391994234244
ADP;VLO;0.04524985673127049
DAL;MPC;0.04525187589769387
FTNT;IFF;0.04526539404754916
AKAM;FRT;0.045275574898572125
LMT;SPGI;0.04529133788384715
CBRE;EXPD;0.04531074070841606
CSX;HRL;0.045322054715978784
ADM;LKQ;0.04533360290282391
INCY;LDOS;0.045343403182083485
CBRE;DG;0.04534948585642363
SPGI;VLO;0.04535533855968292
AVGO;ZBRA;0.045359209474496814
KKR;LNT;0.045369013264531605
EMN;MPWR;0.04537628389327189
KO;WYNN;0.04539804304727066
IDXX;KIM;0.045403178926011575
APA;C;0.0454103621427701
TRV;WMT;0.04541383274988845
AMD;TER;0.04541599601073109
ADM;ODFL;0.04541749373838517
FTV;KKR;0.04544728006518297
CSX;SBUX;0.045448611963838266
AOS;WYNN;0.045451527481307756
OXY;SCHW;0.04546637056786818
DOC;EXR;0.0454939968930721
CAT;INVH;0.04549565354573451
DXCM;WAT;0.045510912603935624
INVH;TGT;0.045522506077351976
EVRG;WELL;0.045525009755101424
CDW;XYL;0.045525788656534415
PM;REGN;0.045539632297190956
BAC;DHR;0.04554800547112885
CRL;TECH;0.045558967234782845
PEG;TXT;0.04558133002682907
DD;INVH;0.04559266919393375
AJG;BKR;0.045602182556894806
FTNT;TSN;0.04560533614778078
ADP;CBRE;0.0456115973325295
FICO;NEE;0.04561211561333755
MNST;XYL;0.04561700005607033
JCI;XYL;0.0456183462846281
EBAY;NXPI;0.045623838361945133
CI;MSFT;0.04563276980496211
ICE;INTU;0.04565407044331143
FIS;ICE;0.045654830075365
APH;KKR;0.04565594892237768
ES;WYNN;0.0456642601041391
JCI;PGR;0.045695199999578634
ADP;HII;0.04569738864798441
ADM;EXR;0.04570611123959216
CVS;XYL;0.04571144906929499
SWKS;VMC;0.0457272925219829
ADM;CPT;0.045727293265489494
AIG;CSCO;0.045731360453802695
OKE;WAB;0.045741071269588124
BX;FFIV;0.0457527476493581
SPGI;STT;0.045781143067267986
QCOM;RF;0.045783319105190214
BMY;CDW;0.045787360709250075
KEYS;UPS;0.04579269449918536
BRO;CBOE;0.04583255426288466
UDR;VRTX;0.045846759925540846
GLW;GBPUSD=X;0.04585380129776647
CSGP;UDR;0.045854549348046926
DUK;ETN;0.045862106288551384
EXPD;STLD;0.04587591896229332
EXPD;WM;0.04590374240415986
AMD;SBUX;0.04590655413228773
BMY;NEE;0.045919161543025507
CDW;PSX;0.0459237945511862
CPT;IQV;0.045925344600266704
MTCH;BTC-USD;0.04596618235288091
DXCM;KLAC;0.04597139788073128
CPRT;HD;0.04597802849418444
RVTY;SPGI;0.045978719642794125
CPB;CTSH;0.045986321861739565
BDX;JKHY;0.04599076746380436
HON;PGR;0.04600543531205536
AMD;PSX;0.046015358391789614
GM;TXT;0.046026966023494736
AVY;PGR;0.04602765084070477
AAPL;ETR;0.046029075573407185
EMN;INCY;0.04603260487185754
MSI;SHW;0.04603531545959861
ADBE;PYPL;0.046038505739658446
STT;WDAY;0.04603881878232378
AOS;DECK;0.0460393673646812
DD;TTWO;0.046047658464281056
GD;TDG;0.046057515681518495
INCY;MPC;0.04608264278848903
BG;BRO;0.04608809120638358
BMY;TTWO;0.046103278987025174
ELV;RMD;0.04610466424174003
BEN;WDC;0.046113620239073554
FRT;ZBRA;0.04613152338295774
NXPI;TMO;0.04613663233474402
SNPS;TROW;0.04613914130322436
LLY;PSX;0.04616724052482379
AXP;ODFL;0.04616767655263122
HON;LIN;0.04616908393338948
DECK;EL;0.04618666900786221
DLR;PKG;0.04619072407768132
BR;BRO;0.046217005126743364
FTNT;MNST;0.0462394174171763
MCO;NXPI;0.04625577606954191
BSX;CAG;0.046255896006674034
BEN;ECL;0.04626639157026246
HSY;MAS;0.046272672287857336
CMCSA;TMUS;0.046273469392196995
AKAM;BXP;0.046279946339837646
BEN;MGM;0.04628054582079995
STZ;TRMB;0.04628300178986103
AJG;TAP;0.04628401010683121
FTNT;JPM;0.046292165197214415
CI;KKR;0.04629792813450321
EOG;XOM;0.046301990142431665
AOS;ROL;0.04632034459205584
CBRE;ODFL;0.04632553201411598
MKTX;VRSK;0.04632757784724204
CSX;DELL;0.046327903417294244
PTC;TAP;0.046363175365226425
ANET;STZ;0.046363685407218476
FTNT;KMI;0.0463655994739825
GPN;KEYS;0.046370699847445525
AAPL;ADP;0.04637414555456367
AEP;ROP;0.04638063360188372
XEL;GBPUSD=X;0.046381036059267244
DECK;NTRS;0.04639317189387709
BWA;RJF;0.046402335700734876
ON;TXT;0.046404909214284744
AAPL;XEL;0.04640519221431086
BF-B;MPC;0.046412387662809765
MKTX;UAL;0.046434510867033346
ADM;XYL;0.04643574398733383
BG;DLTR;0.04643688896431941
SMCI;TXN;0.046449346602818936
GLW;IEX;0.04645293656056361
CZR;MSFT;0.04647938237169507
BDX;CCI;0.0465041659754489
AOS;MMM;0.046511493105539974
TAP;TMO;0.0465122328391661
DECK;MMM;0.046528931395270784
WYNN;ZTS;0.046536339320285204
APO;CCI;0.04653901708653747
IR;PH;0.046547517370561724
XOM;SI=F;0.04655000845057676
TTWO;UPS;0.04655365970325572
AOS;CCI;0.04655461187873837
DOV;EL;0.046556269418786385
DOV;MA;0.04656206389983257
ADM;LW;0.046562787257795224
DG;STLD;0.04657990860584162
AMD;LVS;0.046597338492095
HAL;VTR;0.046610454223429736
CDW;PLD;0.0466198185479907
FRT;GBPUSD=X;0.04662097528842304
BKR;DOV;0.046621253425503474
CPB;IQV;0.04663789551110872
MKTX;SCHW;0.046640634554691335
ORCL;TRGP;0.04664108996524837
ANET;SNPS;0.04664124316827285
AJG;AVY;0.04664254498497572
CSX;GPC;0.046643422509618004
AVY;BLK;0.04665271149975067
ALL;RMD;0.046652747771597475
LRCX;ROP;0.04666194264565932
MHK;PFG;0.046664538941244005
JNJ;KKR;0.046666373104497574
CVS;NEE;0.046674637500414874
CSX;WDAY;0.04668304208506205
CMI;NXPI;0.046697694015337174
MHK;TER;0.046703764654799224
DXCM;UNH;0.04671238979206141
MTD;UDR;0.046718889281783096
JCI;PNC;0.04674454681166092
BLK;CTAS;0.04676486693861279
ADM;AEP;0.04677083874374202
EXC;RMD;0.04678058834813364
ED;ZBRA;0.046781805390369594
BMY;DOV;0.0467902211834805
FIS;STZ;0.04679194842151606
NCLH;NDAQ;0.046813506729372074
AMD;ODFL;0.04681782772849812
ISRG;MSCI;0.04682725391422071
EMN;TDG;0.046834727273193426
DLR;HAL;0.04684135961734849
PNW;TDG;0.04684494307029418
AMD;TDY;0.046866817626261804
AVGO;WTW;0.046880536755601734
FANG;ROST;0.04690550753481294
IQV;KEYS;0.04690661903974966
CE;MSCI;0.046908643643773625
HST;IVZ;0.046914558077140206
MPWR;MSI;0.04692205422161892
ORCL;UDR;0.04692628435724398
GLW;HON;0.046930958545793
CPT;PYPL;0.04693825996256752
MCD;GBPUSD=X;0.046941284485162424
EL;MA;0.046953608189617205
RJF;VRSK;0.04700822856889552
BAC;PSX;0.04700850715087757
NCLH;USDCAD=X;0.047016785584965914
CBOE;CZR;0.047026530166920946
ACGL;FAST;0.04703084854261116
ABT;MA;0.047040264436647834
FRT;TJX;0.047046504941047854
SWKS;TFC;0.047049965804961784
FRT;PLD;0.04705445886862782
RCL;TAP;0.047072793679202134
CNC;TFX;0.04707500732702594
APH;TECH;0.04707615902306733
PAYC;ZBRA;0.047105129806823666
EQIX;PAYC;0.047107994102433236
ADP;MSI;0.04711579344867253
KKR;MHK;0.047120507634516896
BKR;DTE;0.04716030896776669
NVDA;TECH;0.04718149383581307
CCI;MMM;0.047182912944586666
JCI;UNH;0.047190065903995375
JCI;LHX;0.047195619437812496
ECL;GOOG;0.04722090351667301
AEP;LRCX;0.04722606908548671
CSX;EA;0.04722824614914693
AMD;HSY;0.047229116539268076
CME;MPC;0.04723080588473208
ADM;C;0.04724020730834883
AMP;DG;0.047249992956618386
BEN;VTR;0.047250250521953495
AAPL;DTE;0.047256673365827014
CRM;TDY;0.04727217505848091
CSX;VST;0.04727562031118981
APA;CPT;0.047276060944015166
AMAT;TDG;0.04728478872285798
DECK;UNH;0.047285224769796755
DLR;WEC;0.04728762132245445
CDW;ETR;0.04729266287657554
AVB;JBL;0.047296358348097346
NSC;NWS;0.04729705696895515
ADM;PSX;0.04729996869656254
NTAP;ON;0.04730231444338943
L;WY;0.04730362500242001
A;BKR;0.047305526832847965
CRL;KEYS;0.04730838541156318
BRO;LDOS;0.04731661589189025
HSY;ON;0.04732169031751687
GD;NCLH;0.047324206024633095
AWK;HON;0.04734139163288138
AVGO;HUM;0.047341874650514516
CNC;IQV;0.047364664928961964
GD;SJM;0.04737794393894987
ACGL;DVA;0.04738503814421337
JCI;MHK;0.047395216785213676
MCHP;GBPUSD=X;0.04740217942383196
CVS;IVZ;0.04740800778906059
AJG;CNC;0.04742725091323384
GD;TRGP;0.04742840530958871
KKR;PNR;0.047442046179887946
CB;TRMB;0.04744346184514414
EA;EQR;0.04746955207974734
ADM;PEP;0.04746956724453795
LUV;LVS;0.04747461880462624
SBAC;SNPS;0.04748509533332397
LNT;SYK;0.04748520925877745
AEE;DXCM;0.04749111687979129
AMZN;HON;0.04752988434826307
AMZN;UNH;0.047537640415673814
AMD;LKQ;0.04754390923324276
ACN;MS;0.047550755281381536
MA;PSX;0.047551325652988884
CVS;STZ;0.04756230497806193
AMD;TEL;0.04756672906696567
CBRE;WEC;0.047574884744455856
BX;VRTX;0.04759675319143588
BR;RMD;0.04760847529430787
SW;TTWO;0.047611515247195035
BRO;MS;0.047612075706989804
CL;KLAC;0.04761851120893127
DXCM;VST;0.047629035479437455
NCLH;WDAY;0.047640041514253176
KKR;TYL;0.047644220307771226
ALGN;V;0.04765343655674791
HSY;STZ;0.047693635560918886
FE;USDCAD=X;0.04769641043428978
CVS;XOM;0.04769794596205855
EQIX;ISRG;0.04769921270042251
DXCM;PLD;0.04769942927798425
CSGP;TYL;0.04774096174165111
HSY;IFF;0.04774850936018441
MRK;PCG;0.04775016592977405
BAC;MTCH;0.04776937343939884
ED;MCD;0.04777153888966064
BALL;BX;0.04778290380059471
L;LMT;0.04778444230457697
CHTR;SNA;0.04780780258808728
CPT;MCHP;0.04783117410957059
ADM;PPG;0.04783158185200816
CPT;VRSN;0.04783885738952776
MAS;SHW;0.047840293334156965
BG;INTC;0.04785328944449361
BRK-B;PFE;0.04786092631370435
SWKS;TDG;0.04788452962612602
BG;TGT;0.04789087043901927
AMZN;LW;0.04789134516388583
HPQ;INVH;0.04790797165530156
AVGO;ZTS;0.047910784285293856
ADM;HUM;0.047937139717534286
GOOGL;HST;0.04795362356171996
KHC;LDOS;0.047957879392899944
DG;UNP;0.047960585077269066
CDW;MSFT;0.0479661446811495
C;HON;0.04797442762195335
CINF;SW;0.04798000392851978
APTV;V;0.04798867339088837
GEN;REG;0.047995710043748516
AVY;MSCI;0.048003450198057074
BEN;TT;0.04800909461804284
MKTX;VLO;0.04801025713319687
DXCM;JNJ;0.04801840870786294
BDX;DOV;0.04802415977133742
FRT;O;0.0480270446531571
BIIB;CE;0.04803240850081136
CRM;PEG;0.04803452144093135
APO;V;0.0480354892980118
GEN;NKE;0.04804221193708608
SNPS;UPS;0.0480664930536106
CPT;TECH;0.04807625202904988
ROK;TDY;0.04809020594818758
SLB;WAT;0.04809604792946719
DD;MNST;0.04809768130085668
ARE;PHM;0.048107395635260425
LLY;ROK;0.048112587987670444
AXP;FSLR;0.048113127486316784
BAC;BTC-USD;0.04812856405923682
AMD;ELV;0.048130179009551945
CSX;FFIV;0.048138033466047093
AVY;WM;0.048149825703502444
ISRG;UPS;0.04815251180446742
CCI;INTU;0.04815577968554681
ISRG;TAP;0.04815648149258378
AWK;MPC;0.048158983139173314
GRMN;MSFT;0.048166943026776675
APTV;WYNN;0.048181045283898966
AMD;MAS;0.048186288535876934
JCI;MNST;0.04818646093400416
NFLX;NVDA;0.04818925320538717
ADM;AVY;0.048240491797110964
ANET;CDW;0.04824643696287981
STLD;SYY;0.048247608894122225
EBAY;XYL;0.048249423006258334
CDNS;CTAS;0.048253663719756715
ALGN;TAP;0.04827763379368779
CRL;LMT;0.048288585121894226
ADP;UNH;0.04829461410090185
AMP;PNC;0.04829485680635924
DXCM;PGR;0.04830242653453875
BKR;EXR;0.04830685607107302
ARE;ROK;0.04831091498110977
CB;ES;0.0483162650850939
FMC;NXPI;0.04832316294101919
KLAC;SMCI;0.04832986394633908
LVS;MAR;0.048336128372623695
ZBH;USDCAD=X;0.048345783308173296
RCL;GBPUSD=X;0.048352193667643345
AME;MCD;0.04838195749927169
JCI;SNPS;0.04839068257282313
DD;KHC;0.04839361918741847
AEE;FTV;0.04840684111744908
APTV;WEC;0.04840793547523197
ELV;INCY;0.04841135555272481
BLK;SHW;0.0484203204223888
EBAY;TRMB;0.04844273323038225
MMM;MSI;0.04844393126038047
HIG;TECH;0.048450049005230436
AON;EBAY;0.04845322945316722
SWKS;WRB;0.048453474651536786
FIS;OMC;0.048454874564768054
CME;MTCH;0.048456626580725304
BX;ZBRA;0.048465036911781126
EXPE;TSCO;0.04848547700554785
IP;LYV;0.04850337174872654
CZR;DOV;0.0485139327439773
ALGN;SNPS;0.0485157290581723
AEP;VRSN;0.04852572743402999
APD;TEL;0.04855090964650526
DHR;HSIC;0.04855580829304519
HII;HST;0.04856039555317297
DXCM;MTD;0.04856253999883277
EFX;JBHT;0.04856588507817293
ADM;CBRE;0.048571459959323174
BDX;ITW;0.048576020912980446
CMS;ECL;0.04858994081781964
LVS;MSI;0.04859463177385216
HST;LII;0.048602201150029466
HSY;PCG;0.048602887206528
CE;XYL;0.04860753178054148
MTB;PRU;0.04861525621554066
HSY;SCHW;0.04861664398460748
CBRE;RMD;0.04861938607780099
HSY;JKHY;0.04863494742683617
FDX;GPN;0.0486357971733329
FICO;MU;0.04863709611081298
IQV;WDAY;0.04864045956985205
EBAY;RSG;0.04864147796842438
ABT;CMG;0.04865175552406775
MAA;TRGP;0.04865476044886871
DLR;NCLH;0.048657075862482455
DLR;T;0.04866956086973876
APA;MSI;0.04867649030567825
CF;TXT;0.04868179861013428
BKR;ROK;0.04868366909221893
DVA;MO;0.04869448387844073
JBHT;RL;0.04869450887959967
BX;STE;0.04871050547715658
ETR;MU;0.04872384839256835
FTNT;ODFL;0.04874969627963153
ADM;ADSK;0.048759911955781984
AMD;HST;0.04876315188772748
AMD;CF;0.04876326713431191
BF-B;HD;0.04876549735853402
AMD;CVS;0.04877652950848237
INTU;NOC;0.04880267242741792
LW;SWK;0.048808830837653396
ARE;DG;0.048809126512684056
ANET;CI;0.048829926626610703
BAX;CPT;0.048834458754707155
BDX;NEE;0.04883967736497537
BA;MNST;0.04884677754641188
LMT;TECH;0.04884977751448
BAX;MSI;0.04885484526864727
BLDR;EXPD;0.04885996398445453
PCAR;PWR;0.04886047690745103
ADM;CTSH;0.04887053648141609
ADM;STE;0.04887346382043769
ADM;VMC;0.04887653113650144
HSY;SYK;0.04888653862203498
CDNS;LDOS;0.04889451970613368
FTNT;GE;0.04890792287007728
RJF;STLD;0.04891250128122253
BKNG;IBM;0.04891294620364841
HSY;PYPL;0.048922123942125605
ADP;ARE;0.04892381889462891
BG;OXY;0.04892759426451008
MCHP;TAP;0.04892810780164855
HON;MSFT;0.048948594962670164
NOW;YUM;0.04894953863906601
LNT;TMO;0.0489594349005965
MSI;RCL;0.048971045703871625
IR;TGT;0.04897225748121107
CMS;GPN;0.048983623982444074
NOW;NVR;0.04899535632111497
DELL;LDOS;0.04899986514953531
D;HST;0.04900606482906496
FRT;TDG;0.049010147107249644
CBOE;INCY;0.04903951163030961
TSLA;WMB;0.04904259035060981
CVS;OMC;0.049053374295578704
AMD;EL;0.04905365660484858
AIG;INVH;0.04905991000678828
RMD;WMT;0.04906541822801312
ADM;APTV;0.04908973107985333
GPN;TROW;0.04909286828405254
JCI;LDOS;0.04910428230207734
NUE;SWKS;0.049106120968700206
META;NVDA;0.04910813852513111
ECL;TAP;0.04911145170034701
LDOS;MSFT;0.049112315371490474
FE;PH;0.049121592728616985
MSCI;UPS;0.04916951568859098
AMD;INTU;0.049175686011699776
GEN;MO;0.04919014899624773
EXPE;SNA;0.049207931557777515
AMT;CCL;0.049215506037800984
EMR;STLD;0.04924127749567304
ACN;ARE;0.04926457195287255
BSX;FRT;0.04927283853988239
RCL;UPS;0.04928111526255119
DOV;TDY;0.04928638816453539
ANET;TER;0.04929169806463069
IR;ODFL;0.04930501069040636
ACN;TEL;0.04931179339015061
AMD;CSCO;0.049316347171814656
APA;CTSH;0.049316702104700884
KKR;OMC;0.049317548217311005
INVH;LULU;0.049323761713075814
AMZN;CCI;0.04932601908214379
A;SBAC;0.049329231920667675
ECL;MCD;0.0493485882178665
AMD;YUM;0.049348715967254896
D;TER;0.0493584664993128
AME;GOOGL;0.04936562176970319
SWKS;SYY;0.04936908453210442
ECL;GOOGL;0.049380798906467724
AES;IR;0.04938619365055461
BG;MTCH;0.04939910518874821
MHK;VLO;0.04939934372491488
BWA;CNC;0.04940436922912853
DTE;WTW;0.049405377234706595
L;PFE;0.049414024159695
FIS;SW;0.04941549777583285
HSY;TFX;0.04941635823218268
JCI;PSX;0.04942125938876812
ADBE;ED;0.04942475440774489
ICE;NFLX;0.0494299386768575
TGT;TPL;0.04946751733383336
DXCM;HIG;0.049468162011489514
INCY;INVH;0.04947207083581058
AEE;GBPUSD=X;0.04947884136615157
CVS;TAP;0.04953095970714845
TRMB;WEC;0.049536136483719545
BMY;LYV;0.049540583339547965
NCLH;NVDA;0.0495418563631208
ADM;MHK;0.04954789593715589
CL;EQT;0.049556570531346635
GPN;ZTS;0.04956181704620963
AKAM;SNA;0.049579187158288275
ES;MSI;0.049582764583950646
FMC;PAYC;0.04959099902010563
CSX;EVRG;0.04959157081613357
AMD;XOM;0.04959482310781777
CVS;F;0.049602324385663935
JCI;VLO;0.0496040279609601
INVH;LRCX;0.04960506032253065
CDW;ROK;0.049618880593763286
FTNT;ZTS;0.04962827693404458
TGT;TSN;0.049631270199119525
HSY;MPC;0.04964065471992582
CNP;NCLH;0.04964746835882625
MKTX;NUE;0.04966937742534376
CVX;NSC;0.04970864328059007
CSGP;WTW;0.049721211552459066
ES;KO;0.04972144238365068
AMGN;NEM;0.04972732044464068
MRK;NTAP;0.049754851316887144
CFG;DHR;0.049772274946467035
ETR;LRCX;0.049796324731747464
BMY;CRM;0.0497974706814585
HPE;TER;0.049801246508262446
NCLH;GBPUSD=X;0.049805537969123306
CSX;LOW;0.04981921596015513
APTV;MSCI;0.049865358652777976
NCLH;XYL;0.04988696021784522
ARE;PSX;0.049892631021482156
AEE;BMY;0.04989649351916453
HUM;NDAQ;0.04991068279538636
FFIV;ZBRA;0.04991960963454586
BRO;CAT;0.049920861907528605
CRM;ISRG;0.04997778150123958
HSY;RVTY;0.04998449128597891
ADM;DXCM;0.04999160927629979
ADM;NI;0.049994579522596255
